tree
version=v4
num_class=1
num_tree_per_iteration=1
label_index=0
max_feature_idx=71
objective=binary sigmoid:1
feature_names=loan_amnt term int_rate installment grade sub_grade emp_length home_ownership annual_inc verification_status purpose zip_code addr_state dti delinq_2yrs earliest_cr_line inq_last_6mths mths_since_last_delinq open_acc pub_rec revol_bal revol_util total_acc initial_list_status collections_12_mths_ex_med policy_code application_type acc_now_delinq tot_coll_amt tot_cur_bal total_rev_hi_lim acc_open_past_24mths avg_cur_bal bc_open_to_buy bc_util chargeoff_within_12_mths delinq_amnt mo_sin_old_il_acct mo_sin_old_rev_tl_op mo_sin_rcnt_rev_tl_op mo_sin_rcnt_tl mort_acc mths_since_recent_bc mths_since_recent_inq num_accts_ever_120_pd num_actv_bc_tl num_actv_rev_tl num_bc_sats num_bc_tl num_il_tl num_op_rev_tl num_rev_accts num_rev_tl_bal_gt_0 num_sats num_tl_120dpd_2m num_tl_30dpd num_tl_90g_dpd_24m num_tl_op_past_12m pct_tl_nvr_dlq percent_bc_gt_75 pub_rec_bankruptcies tax_liens tot_hi_cred_lim total_bal_ex_mort total_bc_limit total_il_high_credit_limit log_annual_inc log_loan_amnt loan_to_inc_ratio total_bal_to_inc_ratio open_acc_ratio emp_length_num
feature_infos=[500:35000] none [5.4199999999999999:24.890000000000001] [15.69:1388.45] -1:1:0:2:3:4:5 -1:7:3:8:9:4:6:10:11:5:2:1:0:15:12:13:16:14:17:18:19:20:21:22:23:24:25:26:28:27:29:30:31:34:33 -1:1:2:10:3:5:4:0:6:7:8:9 -1:4:0:3:2 [4000:7141778] -1:0:2:1 -1:2:1:9:4:6:11:0:13:7:8:12:5:3 -1:75:87:787:747:511:625:51:299:269:766:762:645:771:784:12:88:758:79:298:741:92:717:302:748:770:793:819:765:798:773:783:175:61:627:69:505:715:768:272:792:661:506:676:474:174:509:301:820:296:718:800:270:647:635:166:430:648:89:178:183:295:811:165:179:19:656:251:708:45:305:649:806:290:740:41:510:397:674:753:795:767:473:244:303:429:752:9:774:388:660:304:181:127:675:636:386:86:764:90:535:78:265:190:754:310:80:57:721:193:788:432:809:673:821:472:271:293:544:313:408:58:728:626:1:84:297:312:187:822:49:307:455:117:168:191:779:54:18:683:807:10:471:263:396:192:637:15:791:55:543:609:640:202:801:659:155:14:121:182:204:306:796:361:585:274:288:406:772:812:559:561:679:799:709:825:115:245:252:314:534:105:66:369:8:48:582:21:249:294:536:778:100:813:20:59:289:11:823:180:398:744:264:780:317:581:46:52:776:759:777:68:145:279:82:241:125:616:201:454:598:608:210:291:387:250:761:44:437:439:830:315:120:755:781:794:255:605:751:782:824:275:833:63:95:177:311:743:119:6:42:164:720:253:126:254:85:259:457:588:810:617:757:171:453:775:431:167:256:654:206:208:584:47:316:199:215:443:716:750:786:67:29:247:309:402:433:195:444:587:470:570:60:94:96:243:261:760:526:64:409:107:242:756:37:116:325:435:629:668:802:631:81:131:173:266:292:331:364:564:655:103:148:599:5:246:282:410:200:262:276:458:478:558:583:50:76:123:194:224:330:391:515:632:111:362:690:277:322:814:831:43:285:652:724:725:53:196:240:399:404:407:502:658:763:789:104:281:400:479:600:135:268:441:671:680:790:150:414:713:723:735:769:22:321:412:525:586:590:17:106:482:557:109:158:239:797:7:70:205:333:487:678:23:211:283:523:172:188:235:328:611:691:827:522:607:834:835:186:278:287:488:552:749:97:98:99:143:203:465:549:16:156:184:323:326:516:665:677:714:62:146:169:260:392:462:517:556:602:634:684:785:803:128:198:319:731:737:816:273:284:83:108:159:324:359:503:512:687:689:746:56:213:496:122:170:248:389:494:214:531:563:664:2:3:112:129:230:438:442:568:711:826:162:257:267:403:447:460:529:697:147:151:153:161:476:657:817:149:160:212:467:514:102:379:393:395:532:591:700:134:154:157:390:445:501:828:91:189:327:477:499:530:533:572:595:638:710:101:140:464:484:528:597:603:619:641:642:650:667:829:4:25:113:152:231:280:286:320:381:385:401:413:481:507:508:519:555:592:594:604:623:644:670:698:738:745:456:469:485:513:520:521:685:686:727:130:133:136:141:223:540:550:589:682:24:65:197:225:436:446:461:524:560:601:651:653:695:730:33:39:93:185:329:468:548:562:565:569:576:596:618:630:719:132:207:221:228:360:378:434:440:463:480:483:537:546:593:613:633:836:110:138:363:495:518:606:38:77:382:490:504:545:620:669:139:216:217:234:405:551:573:688:696:815:40:118:227:232:233:332 -1:4:33:42:9:30:14:37:44:10:19:34:27:20:46:3:22:5:6:23:24:32:36:1:39:18:47:17:16:35:2:43:11:31:38:29:7:48:0:26:8:49:40:45:15:25:41:13:12:28 [0:34.990000000000002] [0:18] -1:495:494:444:445:124:496:125:214:443:544:545:497:79:123:126:395:493:257:215:543:442:499:213:80:78:546:446:121:127:122:34:396:441:77:498:256:258:394:304:547:542:170:448:171:302:350:548:210:303:211:349:212:447:500:120:216:348:492:255:169:440:35:393:491:449:550:209:301:81:33:208:76:439:128:260:347:541:397:166:259:119:82:549:168:38:539:129:172:32:343:540:131:130:351:254:450:217:300:164:167:490:299:75:298:391:262:74:84:297:501:305:261:344:165:36:253:346:31:307:85:263:252:392:83:345:399:390:438:37:40:218:306:219:489:175:401:73:30:389:174:220:353:308:39:251:221:538:118:398:132:400:352:309:451:488:176:354:250:29:173:207:355:28:205:537:296:177:551:41:72:264:116:436:342:163:356:86:437:162:310:69:534:206:247:341:388:487:402:27:71:117:115:161:68:293:249:502:339:435:203:295:248:452:160:70:338:385:486:536:292:387:535:485:533:294:386:114:204:245:24:246:26:484:178:202:133:222:340:434:532:25:337:67:483:244:290:23:357:158:22:384:113:291:482:382:433:42:65:403:528:159:201:530:157:243:383:21:335:531:336:481:432:112:111:199:110:311:63:334:64:66:381:265:19:87:20:289:480:154:479:200:242:429:478:156:379:431:529:155:378:428:552:430:380:286:18:62:332:527:287:522:241:333:61:284:153:197:198:288:109:525:331:240:427:453:503:377:477:524:16:17:526:14:285:60:192:237:107:152:327:12:103:108:523:58:375:475:59:193:196:283:421:15:104:149:13:106:195:223:235:330:376:474:238:329:476:134:194:282:328:57:373:471:473:150:374:424:234:425:43:56:102:151:236:239:521:280:423:148:189:372:404:9:53:105:191:277:420:281:324:422:472:520:10:100:147:229:368:426:358:369:370:516:519 [0:8] [0:152] [1:49] [0:5] [0:975800] [0:104.40000000000001] [2:91] -1:0:1 [0:1] none none none [0:55009] [0:8000078] [0:988000] [0:33] [0:800008] [0:497445] [0:187.90000000000001] [0:3] none [1:421] [12:658] [0:178] [0:137] [0:24] [0:538] [0:24] [0:26] [0:30] [0:34] [0:32] [0:44] [0:57] [0:39] [0:55] [0:34] [1:46] [0:1] [0:1] [0:12] [0:25] [15:100] [0:100] [0:5] [0:5] [500:8592561] [0:994496] [0:522210] [0:902504] [8.2942996088572354:15.781472462944519] [6.2166061010848646:10.463131911491967] [0.00078947326869827962:0.8299585020748963] [0:16.387567184700636] [0.02564102564102564:1.5555555555555556] [0:10]
tree_sizes=1334 1145 1145 1480 1557 1521 1370 1444 1509 1491 1328 1435 1442 1406 1497 1506 1503 1366 1488 1465 1545 1417 1320 1580 1373 1517 1567 1487 1215 1461 1518 1591 1511 1564 1233 1378 1458 1362 1493 1511 1345 1441 1310 1562 1495 1289 1369 1529 1212 1031 1365 1411 1507 1462 1476 1213 1462

Tree=0
num_leaves=8
num_cat=3
split_feature=2 8 2 2 11 11 11
split_gain=1120.12 269.571 199.852 159.901 149.903 109.897 65.2407
threshold=12.145000000000001 61607.500000000007 8.4350000000000023 14.920000000000002 0 1 2
decision_type=2 2 2 2 9 9 9
left_child=2 3 6 -2 -4 -3 -1
right_child=1 5 4 -5 -6 -7 -8
leaf_value=-1.9241747515608725 -1.9237532106971711 -1.908440919566569 -1.9142704820468543 -1.9030532189301266 -1.9472684962380487 -1.9386048260750599 -1.9621777190041008
leaf_weight=62.25247648358345 1172.4583026766777 179.82826687395573 198.08606033027172 922.67848978936672 2330.5083466619253 1400.6807208806276 1714.8027576953173
leaf_count=566 10660 1635 1801 8389 21189 12735 15591
internal_value=-1.93847 -1.92338 -1.95134 -1.91464 -1.94462 -1.93498 -1.9609
internal_weight=7981.3 3675.65 4305.65 2095.14 2528.59 1580.51 1777.06
internal_count=72566 33419 39147 19049 22990 14370 16157
cat_boundaries=0 26 52 78
cat_threshold=2097152 2147483648 163856 0 0 16 0 0 256 50333734 0 0 32768 131072 4194304 0 1 0 0 0 16384 2 1117184 1342177696 34 1073758208 0 536879104 262144 0 0 16 0 0 8200 134359585 0 0 0 32768 0 0 0 0 0 262144 0 0 131088 2229534720 33554440 3145792 4325632 0 131072 2176 0 4096 0 2149580800 266240 2147483682 256 0 0 34078720 64 0 2048 0 0 264 0 0 2164326400 32768 16 1073807364
is_linear=0
shrinkage=1


Tree=1
num_leaves=8
num_cat=2
split_feature=2 66 2 2 66 5 15
split_gain=1036.77 241.688 191.821 142.73 141.27 83.2688 45.6324
threshold=12.145000000000001 11.028555119605386 7.8900000000000015 15.375000000000002 10.703334349483098 0 1
decision_type=2 2 2 2 2 9 9
left_child=2 3 6 -2 -4 -3 -1
right_child=1 5 4 -5 -6 -7 -8
leaf_value=0.0042414844012383752 0.015562718309093625 -0.0037552313894043217 0.0047251412391294718 0.035821506707025788 -0.012786097601846097 0.013491810396423979 -0.025911133355610211
leaf_weight=77.98198813945055 1399.4030234217644 937.27428542077541 933.2079745605588 733.33355003595352 2010.217725455761 647.15700375288725 1242.9297149255872
leaf_count=721 12555 8500 8537 6494 18397 5870 11492
internal_value=-3.26683e-06 0.014355 -0.0125192 0.0225296 -0.00723419 0.00335098 -0.0242949
internal_weight=7981.51 3717.17 4264.34 2132.74 2943.43 1584.43 1320.91
internal_count=72566 33419 39147 19049 26934 14370 12213
cat_boundaries=0 2 19
cat_threshold=2415943424 2 539492352 2098048 524288 65536 2168455184 4096 134217728 2752512 64 16 2147491840 33554432 139264 0 0 2097154 278405120
is_linear=0
shrinkage=0.0371952


Tree=2
num_leaves=8
num_cat=1
split_feature=2 8 2 2 8 15 8
split_gain=959.984 217.246 184.961 126.186 113.184 83.3978 61.0257
threshold=12.145000000000001 60018.000000000007 8.4350000000000023 15.805000000000001 45999.980000000003 0 67000.040000000023
decision_type=2 2 2 2 2 9 2
left_child=2 3 6 -2 -4 -3 -1
right_child=1 5 4 -5 -6 -7 -8
leaf_value=-0.015910376598496496 0.015520564404249378 0.024894593693530653 0.0049705468558673676 0.035215847324507069 -0.011570335072349707 5.2220981392447164e-05 -0.030246224825294814
leaf_weight=1043.1562139838934 1498.2462492361665 205.72847175598145 885.53816029429436 643.36898709088564 1617.8304906412959 1409.6126302927732 678.03503680229187
leaf_count=9784 13263 1860 8068 5549 14922 12747 6373
internal_value=-8.21192e-06 0.0136705 -0.0121729 0.0214382 -0.00571919 0.00337149 -0.0215587
internal_weight=7981.52 3756.96 4224.56 2141.62 2503.37 1615.34 1721.19
internal_count=72566 33419 39147 18812 22990 14607 16157
cat_boundaries=0 18
cat_threshold=0 400 1310728 553713664 1073741824 131216 9502720 2147483648 1 4194304 1048576 0 1056 67117056 4 11536 8388608 4
is_linear=0
shrinkage=0.0371952


Tree=3
num_leaves=8
num_cat=4
split_feature=2 8 2 11 11 11 11
split_gain=889.196 195.789 178.249 138.571 135.489 112.363 66.6141
threshold=12.145000000000001 61607.500000000007 7.8900000000000015 0 1 2 3
decision_type=2 2 2 9 9 9 9
left_child=2 4 6 -4 -2 -3 -1
right_child=1 5 3 -5 -6 -7 -8
leaf_value=0.017701510256502729 0.042295080636774104 0.029019522948131857 0.022018158306997049 -0.0089919646454053766 0.01607734382632927 -0.00066483888103167769 -0.025009955549655006
leaf_weight=49.091875493526459 324.94668040424585 191.85135839879513 206.1991553530097 2703.6923626661301 1877.7018035948277 1400.3414121642709 1226.8773747384548
leaf_count=462 2809 1699 1871 25063 16240 12671 11751
internal_value=-1.09231e-05 0.0130284 -0.0118322 -0.0067493 0.0202113 0.00309111 -0.0234231
internal_weight=7980.7 3794.84 4185.86 2909.89 2202.65 1592.19 1275.97
internal_count=72566 33419 39147 26934 19049 14370 12213
cat_boundaries=0 26 52 78 104
cat_threshold=0 0 163856 0 0 4 64 0 262144 50333734 64 0 32896 655360 4194304 0 1 0 67108864 0 0 2 1114112 1342177696 32 16384 32 537395200 16777216 0 0 142606336 0 0 16384 4197376 0 0 16 0 33554432 0 25165824 0 0 512 512 0 8192 2220957744 1308624904 64 0 2684362752 262144 134217728 0 16 0 0 8396808 134359585 0 0 0 32768 0 0 0 0 0 262144 0 0 131088 2229534720 33554568 3145792 4325632 2048 131088 34944 0 4096 0 1075838976 0 10485770 0 0 0 34078720 64 0 2048 131072 0 0 0 0 16842752 16 1040 1077936132
is_linear=0
shrinkage=0.0371952


Tree=4
num_leaves=8
num_cat=4
split_feature=2 2 11 8 11 11 11
split_gain=834.652 252.674 151.738 140.392 131.28 104.363 77.7091
threshold=13.615 9.3250000000000011 0 61607.500000000007 1 2 3
decision_type=2 2 9 2 9 9 9
left_child=1 6 -3 4 -2 -5 -1
right_child=3 2 -4 5 -6 -7 -8
leaf_value=0.016558754244000582 -0.021485632820928146 0.026625715271968421 -0.0044587383448957841 -0.024047184988134799 0.025411368339856126 0.010207346561273383 -0.02013539224152823
leaf_weight=78.650450468063354 82.434619851410389 225.85482252389193 2749.9729395359755 129.40531478822231 1570.8889123871922 1087.6668524444103 2054.1537709608674
leaf_count=739 701 2021 25125 1170 13309 9775 19726
internal_value=-1.02361e-05 -0.00902764 -0.00202448 0.0160385 0.023096 0.00645036 -0.0187985
internal_weight=7979.03 5108.63 2975.83 2870.4 1653.32 1217.07 2132.8
internal_count=72566 47611 27146 24955 14010 10945 20465
cat_boundaries=0 26 52 78 104
cat_threshold=2097152 2147483648 17 16777216 0 0 64 268435456 16384 52463616 0 0 32768 131072 0 0 16777217 0 67109376 0 1064962 0 1048576 1075839280 2080 1073741824 10485760 131072 135331840 2147483648 2684354568 32768 0 75759616 34078784 0 0 1024 262144 0 0 2147500032 524288 32768 67113280 2 32768 0 0 0 128 4 32768 8389120 0 33554432 0 16640 1 1048576 16384 100663296 0 131072 4194312 0 16777216 1140850688 8388608 0 0 134742016 1048608 14 0 524288 1116161 16777216 131456 0 33685504 2176 0 4112 0 3221225472 4096 2147483680 272 0 0 34078720 131072 0 2048 0 0 8 0 8194 1114112 0 19 1082130432
is_linear=0
shrinkage=0.0371952


Tree=5
num_leaves=8
num_cat=5
split_feature=5 8 8 11 11 11 11
split_gain=770.231 195.745 153.101 127.566 122.922 114.854 96.4215
threshold=0 43290.500000000007 61607.500000000007 1 2 3 4
decision_type=9 2 2 9 9 9 9
left_child=1 4 3 -2 -1 -3 -4
right_child=2 5 6 -5 -6 -7 -8
leaf_value=0.035555948054810792 -0.021775312230866203 0.019144715216529003 0.029060993263110131 0.0211891586092482 -0.0022792804509883299 -0.017097978053501828 0.00015646853687651969
leaf_weight=121.64955418556929 94.708923541009426 120.13516540825367 171.72496682405472 2003.9167915135622 1204.1693505123258 2937.6938876584172 1323.7421409189701
leaf_count=1113 818 1117 1495 16873 11221 27988 11941
internal_value=-1.34544e-05 -0.0104677 0.0127311 0.0192468 0.00144484 -0.015667 0.00367214
internal_weight=7977.74 4383.65 3594.09 2098.63 1325.82 3057.83 1495.47
internal_count=72566 41439 31127 17691 12334 29105 13436
cat_boundaries=0 1 22 48 74 100
cat_threshold=511 14680064 0 135397376 2155872256 2684354568 34817 0 262144 2181562432 0 0 1024 1073741952 0 0 2147500036 524288 32768 67112960 2 557056 524288 524288 268435472 16777216 0 4 8388608 2147483648 0 329760 0 0 0 16384 0 0 2048 0 67108864 268435456 0 262146 66560 269225984 2080 1111491073 768 2147483648 131088 524292 0 0 64 268435456 4198400 2197815296 16 0 0 524288 4194304 0 16777233 131072 0 0 16384 4096 1048576 2097200 2 81920 1048640 2717917184 0 0 0 16 0 0 8429568 2593 8 0 0 32768 0 0 0 0 0 262144 0 0 131072 2225340416 1107296396 3145728
is_linear=0
shrinkage=0.0371952


Tree=6
num_leaves=8
num_cat=3
split_feature=2 2 66 11 66 15 11
split_gain=739.198 195.813 151.143 128.119 116.206 107.5 83.0958
threshold=11.180000000000001 15.730000000000002 10.645639141891071 0 10.703334349483098 1 2
decision_type=2 2 2 9 2 9 9
left_child=4 2 -2 -3 5 -1 -6
right_child=1 3 -4 -5 6 -7 -8
leaf_value=0.032150107151516977 0.016361923789882132 -0.018850682216749275 -0.00079119244760494087 0.024226378997022829 0.015059397781524752 -0.0071535434900720195 -0.01972843961856454
leaf_weight=97.530894942581654 1030.5575078129768 98.664520397782326 2289.2647689729929 1284.3633750975132 95.288078472018242 916.16561532020569 2163.9827278405428
leaf_count=917 8874 847 20466 10804 901 8639 21118
internal_value=-1.36823e-05 0.00943273 0.00453378 0.0211913 -0.0135869 -0.00312351 -0.0182815
internal_weight=7975.82 4702.85 3319.82 1383.03 3272.97 1013.7 2259.27
internal_count=72566 40991 29340 11651 31575 9556 22019
cat_boundaries=0 26 44 69
cat_threshold=4096 1048576 65536 512 0 16640 1 68419584 33554432 130 0 0 8 0 512 1073741824 0 131072 256 134217728 622848 72 0 524288 69696 4096 536870912 513 16 134217728 16 49288 8389120 2220883968 64 4096 1048576 32 2304 8388608 0 1026 297795584 64 256 2147483648 131089 524544 0 0 0 2099200 4198400 2164261888 16 128 0 34078720 4194304 0 16777232 0 4096 0 16384 0 1114112 16 19
is_linear=0
shrinkage=0.0371952


Tree=7
num_leaves=8
num_cat=4
split_feature=2 2 15 8 15 15 15
split_gain=687.55 180.195 122.865 110.91 110.901 107.532 59.9831
threshold=11.180000000000001 14.985000000000001 0 50712.000000000007 1 2 3
decision_type=2 2 9 2 9 9 9
left_child=3 2 -2 4 -1 -3 -5
right_child=1 5 -4 6 -6 -7 -8
leaf_value=0.024764047580225015 0.023892971916781965 0.038746902385544409 0.00046584222269199169 0.009107127812083074 -0.008793677841764231 0.013936384860101675 -0.020565410621367262
leaf_weight=143.81975737214088 342.26896793395281 292.04528000205755 2577.5519082024693 98.59648359566927 1214.3629301637411 1523.2648196294904 1782.0921909660101
leaf_count=1360 3025 2409 22826 971 11605 12731 17639
internal_value=-1.55768e-05 0.00901735 0.00329596 -0.0132214 -0.00512154 0.0182194 -0.0190704
internal_weight=7974 4735.13 2919.82 3238.87 1358.18 1815.31 1880.69
internal_count=72566 40991 25851 31575 12965 15140 18610
cat_boundaries=0 18 35 53 69
cat_threshold=2281701376 224 57352 0 0 32800 1074790400 301989888 72 32 1526726656 0 525312 270532608 8 1024 8390656 128 570425344 129 131584 134217728 8 136 8388608 6291456 0 69632 1054720 32 11136 8388608 1073741824 1026 1367343104 0 24 1081344 2147483648 21 410752 29360128 2147483648 260 3276800 33554432 8 16384 1073741824 4 4390912 2147483648 4 2101248 1073741824 540672 2147680512 33554432 0 134217760 69632 480 2097168 2148671488 268435472 16385 65536 134217732 8
is_linear=0
shrinkage=0.0371952


Tree=8
num_leaves=8
num_cat=4
split_feature=2 8 11 2 11 11 11
split_gain=640.012 174.254 120.65 111.539 109.616 103.139 61.7956
threshold=11.180000000000001 60996.500000000007 0 7.8900000000000015 1 2 3
decision_type=2 2 9 2 9 9 9
left_child=3 2 -2 6 -5 -3 -1
right_child=1 5 -4 4 -6 -7 -8
leaf_value=0.017830996891932564 0.034064518043095779 0.022789151831161081 0.011392731506381195 0.021878536937464197 -0.009998100659017373 -0.0029980557879009232 -0.023459606583506504
leaf_weight=48.401719987392426 375.90843370556831 234.52731958776712 2416.6684143841267 153.47174298018217 1853.4683406427503 1738.5025541186333 1150.6923061236739
leaf_count=461 3087 2015 20253 1437 17925 15636 11752
internal_value=-1.44338e-05 0.00862985 0.0146081 -0.0128637 -0.00750061 0.000168138 -0.0218389
internal_weight=7971.64 4765.61 2792.58 3206.03 2006.94 1973.03 1199.09
internal_count=72566 40991 23340 31575 19362 17651 12213
cat_boundaries=0 26 52 78 104
cat_threshold=32 537395200 0 2097152 0 0 0 0 16384 2116608 0 0 16 0 33554432 0 16777216 0 0 262144 512 0 0 2757828640 1308624905 1073741824 524288 2148007936 32768 524288 0 262160 8388608 0 262144 50332710 16 0 128 524288 20971520 0 0 67108864 67108864 0 0 262146 17891328 33024 34 8388608 2097152 8192 262144 0 0 16 0 0 40960 134261281 8 0 0 268468224 0 0 0 0 0 262144 0 0 133136 2225340416 33554476 3145728 4325376 0 131088 34944 0 4096 0 1075838976 0 8388618 0 0 0 34078720 64 0 2048 131072 0 0 0 0 16842752 48 1040 1077936132
is_linear=0
shrinkage=0.0371952


Tree=9
num_leaves=8
num_cat=4
split_feature=2 2 11 11 15 15 68
split_gain=596.955 206.703 139.72 126.868 99.3163 74.3749 7.37305
threshold=13.615 8.4350000000000023 0 1 2 3 0.24161177808275155
decision_type=2 2 9 9 9 9 2
left_child=1 5 -3 6 -5 -1 -2
right_child=3 2 -4 4 -6 -7 -8
leaf_value=0.0068190127669067492 -0.028233768486309156 0.024875160137752865 -0.0047944912820863861 -0.012818850182546044 0.016484100615691232 -0.021519190583445459 -0.0098646494970333343
leaf_weight=141.42730015516281 93.984115488827229 226.01806053519249 3167.6783991679549 165.75741421431303 2696.7019002586603 1432.6712216362357 44.71142940223217
leaf_count=1428 819 1993 29461 1389 22370 14729 377
internal_value=-1.36717e-05 -0.00792624 -0.00275887 0.0130838 0.0147482 -0.0190663 -0.0208197
internal_weight=7968.95 4967.79 3393.7 3001.15 2862.46 1574.1 138.696
internal_count=72566 47611 31454 24955 23759 16157 1196
cat_boundaries=0 26 51 69 87
cat_threshold=512 2147483648 16 512 0 20 64 0 16384 52430852 16 0 32768 131072 0 0 1 0 335544320 0 2 2 1049600 1075839264 2050 24576 4194304 1073741824 196608 2147484160 2147483648 16793600 16385 68157441 2181038080 0 0 1024 1073741960 0 0 1073758208 524288 32768 67108864 1 98304 64 0 524288 65536 1052672 1073741824 8389412 8536064 67108864 8201 2147485696 262144 48 1024 131072 0 2 8454144 1 520 0 8 1644691456 1073742596 524290 524288 557842448 4736 134217728 2097152 64 65552 2214592512 268435460 8448 0 0 0 276824064 64
is_linear=0
shrinkage=0.0371952


Tree=10
num_leaves=8
num_cat=3
split_feature=2 8 15 8 15 15 2
split_gain=559.72 160.676 111.962 108.194 95.3637 73.0979 62.187
threshold=11.180000000000001 70000.500000000015 0 44503.000000000007 1 2 7.8900000000000015
decision_type=2 2 9 2 9 9 2
left_child=3 2 -2 4 -1 -3 -5
right_child=1 5 -4 6 -6 -7 -8
leaf_value=0.029288288942119919 0.029386640878840315 0.020175308846671312 0.0096460395908036511 -0.024940651976430302 -0.0061716493708868338 -0.0051294061513643434 -0.011934358987047955
leaf_weight=108.94704115390778 462.13802665472031 169.1975559592247 2860.4764632359147 821.32612855732441 880.88172598928213 1327.4947138205171 1336.2677009254694
leaf_count=1011 3806 1489 23861 8743 8545 11835 13276
internal_value=-1.57536e-05 0.00795161 0.0125098 -0.0122152 -0.0020334 -0.00216743 -0.0168861
internal_weight=7966.73 4819.31 3322.61 3147.42 989.829 1496.69 2157.59
internal_count=72566 40991 27667 31575 9556 13324 22019
cat_boundaries=0 17 35 52
cat_threshold=0 192 58368 0 18 278528 0 268435456 264 3313792 1443102720 0 524288 1344274432 8 4195328 1048576 536870912 513 16 150994944 16 49288 8389120 2220883968 96 4096 1048576 32 2304 8388608 0 1026 293601280 64 2147483648 272 0 2149613568 1207959552 131200 537919488 536870912 65 1048592 34603008 0 7208 67108864 4 2064 144703488
is_linear=0
shrinkage=0.0371952


Tree=11
num_leaves=8
num_cat=5
split_feature=5 8 11 11 2 15 15
split_gain=530.361 180.462 128.76 128.295 115.236 104.012 92.7578
threshold=0 43290.500000000007 1 2 8.6100000000000012 3 4
decision_type=9 2 9 9 2 9 9
left_child=1 3 6 -1 -3 -4 -2
right_child=2 4 5 -5 -6 -7 -8
leaf_value=0.035602728464704601 0.070663775136151852 -0.022328091904108727 -0.017231476575041711 -0.00071907708013479413 -0.0076690743445031366 0.010864939156543805 0.021808876284321745
leaf_weight=139.18054267764091 65.941882722079754 1125.352917663753 188.40500479191542 1367.8386583253741 2177.5497026145458 2569.7934353873134 329.72260799258947
leaf_count=1235 519 12053 1579 12693 20606 21246 2635
internal_value=-1.43566e-05 -0.00778135 0.0118181 0.0028683 -0.012664 0.00889005 0.0315025
internal_weight=7963.78 4809.92 3153.86 1507.02 3302.9 2758.2 395.664
internal_count=72566 46587 25979 13928 32659 22825 3154
cat_boundaries=0 1 27 53 71 89
cat_threshold=268436479 0 8192 32 1 0 0 65536 0 268476417 8391169 8 0 0 0 0 0 0 0 0 262144 512 0 139264 2220924960 1308624920 64 524288 8912896 272629776 16777216 0 4 8388608 2147483648 0 75820 0 0 268435456 0 0 0 0 0 67108864 0 0 0 1115136 268439680 3072 1115685377 17825792 1073741856 524576 147456 67108864 1 3221226624 0 176 9284 32768 2147483650 0 65536 1 8389120 4718592 8 0 280 1048576 541065216 29 135184 17170432 134217728 0 0 0 20 1568 1342177280 4 0 1073741824 462
is_linear=0
shrinkage=0.0371952


Tree=12
num_leaves=8
num_cat=4
split_feature=2 2 8 11 15 15 11
split_gain=492.069 179.051 133.903 123.616 99.163 70.0632 65.9474
threshold=13.615 7.8900000000000015 50341.500000000007 0 1 2 3
decision_type=2 2 2 9 9 9 9
left_child=1 6 -3 5 -5 -2 -1
right_child=3 2 -4 4 -6 -7 -8
leaf_value=0.017896375137855452 -0.007392790595523612 0.0043365615227471989 -0.0097698794761747441 -0.016399225037701918 0.010826332623970251 0.039316417093459143 -0.022237448031404799
leaf_weight=55.342036813497543 55.145865201950073 1690.4226997196674 2071.9563334956765 192.09251318871975 2519.7638907134533 300.26471766084433 1075.4525863155723
leaf_count=547 432 15322 20076 1614 20563 2346 11666
internal_value=-1.1117e-05 -0.00733278 -0.00343193 0.0116689 0.00884429 0.0320648 -0.0203107
internal_weight=7960.44 4893.17 3762.38 3067.27 2711.86 355.411 1130.79
internal_count=72566 47611 35398 24955 22177 2778 12213
cat_boundaries=0 26 44 62 88
cat_threshold=0 536879104 50331648 1 0 0 65664 0 1 2151681568 8 0 16 0 33554432 0 0 0 0 262656 512 0 131072 2220924928 167774224 64 16781312 0 527136 147456 64 8201 3355445248 33554432 48 525312 2097152 0 2 8388608 1 512 4194304 8 536870912 164 33280 2457862144 0 0 610271232 3221225472 0 2097152 1627389952 0 77824 33554432 0 10240 2147483648 48 4325376 2048 131088 34944 0 4096 0 1075838976 0 10485770 0 0 0 34078720 64 0 2048 131072 0 0 0 0 16842752 48 402654224 1077936132
is_linear=0
shrinkage=0.0371952


Tree=13
num_leaves=8
num_cat=3
split_feature=2 8 11 11 11 2 2
split_gain=462.922 141.902 137.26 112.241 103.195 83.9311 22.6105
threshold=11.180000000000001 70000.500000000015 0 1 2 7.8900000000000015 8.6100000000000012
decision_type=2 2 9 9 9 2 2
left_child=4 2 -2 -3 6 -6 -1
right_child=1 3 -4 -5 5 -7 -8
leaf_value=0.008240891611843602 -0.02195137193764661 0.026991829883884887 0.012957479771750973 -0.0058501949540358767 -0.021012743957256778 -0.0079749386522351123 0.04149631157791512
leaf_weight=58.462306462228298 155.95559687912464 151.03737280517817 3228.0990280508995 1352.7544569000602 1071.4325122386217 1885.0056170225143 54.813119538128376
leaf_count=581 1317 1285 26350 12039 11796 18700 498
internal_value=-1.24397e-05 0.00709704 0.0113217 -0.00240994 -0.0113327 -0.0126575 0.0223744
internal_weight=7957.56 4887.85 3384.05 1503.79 3069.71 2956.44 113.275
internal_count=72566 40991 27667 13324 31575 30496 1079
cat_boundaries=0 24 50 76
cat_threshold=8388610 1073743872 65536 2147483648 0 16826368 0 32769 34603072 0 0 0 1074790532 0 0 16388 532480 16384 4352 134217728 2195712 64 0 1048576 2097154 2147483648 4456464 0 0 2048 4352 0 0 134259232 0 512 0 32768 0 0 0 0 0 262144 0 0 141328 618926080 33556480 2098176 0 2147483648 131088 67110912 0 20 0 2415919104 268435456 50331682 16 128 2048 655360 0 0 16777217 0 69206016 0 0 2 17891328 0 18 1082130432
is_linear=0
shrinkage=0.0371952


Tree=14
num_leaves=8
num_cat=5
split_feature=5 8 11 11 11 33 15
split_gain=437.721 162.286 116.517 110.865 101.163 93.6496 7.31659
threshold=0 43290.500000000007 1 2 3 98.500000000000014 4
decision_type=9 2 9 9 9 8 9
left_child=1 2 -1 6 -3 -5 -2
right_child=3 4 -4 5 -6 -7 -8
leaf_value=0.032789579972254013 0.0088463917822909788 0.018742870687689719 -0.00069579068263353136 0.041579997305811536 -0.013273791725403838 0.010853613863051986 -0.019257475388701671
leaf_weight=150.79774142801762 12.60209973156452 135.76663081347942 1355.3350545316935 144.0214387178421 3096.265571333468 2889.0154299214482 170.91101995110512
leaf_count=1315 107 1290 12613 1122 31369 23283 1467
internal_value=-1.39673e-05 -0.00719736 0.00287121 0.0105571 -0.0119116 0.0122731 -0.0169676
internal_weight=7954.71 4738.16 1506.13 3216.55 3232.03 3033.04 183.513
internal_count=72566 46587 13928 25979 32659 24405 1574
cat_boundaries=0 1 27 52 78 96
cat_threshold=268436479 524288 8912896 272629776 16777216 0 4 8388608 2147483648 0 75820 0 0 268435456 0 0 0 0 0 67108864 0 0 128 1049600 805310592 268438528 41943553 4194304 1073741824 196608 2147483648 2147483648 16826624 16384 1048577 2181562368 536870912 0 1024 1073741960 0 0 2147483648 532480 0 0 1 65536 64 1024 0 65536 1049088 2147483648 393232 524288 268435456 262144 2112 0 4198400 536870912 16 0 0 655360 0 0 16777217 131072 0 0 16384 4096 1048576 2097200 2 16384 0 4 65536 0 0 0 67633152 0 4 0 268435456 0 0 0 0 139264 0 16
is_linear=0
shrinkage=0.0371952


Tree=15
num_leaves=8
num_cat=4
split_feature=2 2 11 11 11 15 16
split_gain=415.874 171.531 114.866 112.562 82.7974 65.0462 22.085
threshold=9.6350000000000033 14.440000000000003 0 1 2 3 1.5000000000000002
decision_type=2 2 9 9 9 9 2
left_child=4 2 -2 -3 6 -6 -1
right_child=1 3 -4 -5 5 -7 -8
leaf_value=0.011990069858299781 0.021177090214864931 -0.018238393566523969 -0.0018868573148015514 0.015333157225547654 0.010474003788316123 -0.018369797741450755 0.058754100289696708
leaf_weight=71.65740118175745 316.45975090563297 141.58057240396738 3500.8184407874942 2043.4349436238408 112.74209857732058 1747.9509867504239 17.306645214557648
leaf_count=717 2691 1196 31665 16009 1178 18938 172
internal_value=-1.45879e-05 0.00483329 7.60506e-05 0.013144 -0.0149391 -0.0165751 0.0189922
internal_weight=7951.95 6002.29 3817.28 2185.02 1949.66 1860.69 88.964
internal_count=72566 51561 34356 17205 21005 20116 889
cat_boundaries=0 26 52 78 96
cat_threshold=64 2147491840 17 0 0 0 64 0 402653184 50333858 0 0 0 0 0 0 16777217 131072 25088 0 0 0 1048576 1075847216 1073743904 33555456 2101248 0 196608 512 2147483648 16640 1 68157440 2181038080 2 0 0 8 0 0 1073741824 524288 131072 256 134217728 590080 64 1024 524288 1114432 16777216 4325760 0 33701888 2176 0 4112 0 2147483648 266240 67108904 0 0 0 524288 131072 0 2048 0 67108864 8 0 8194 16843776 0 19 8388608 537395200 3305112580 524288 2147483904 4194336 65536 134217728 2097152 96 16 1062912 142606356 128 0 16 2 524288 64
is_linear=0
shrinkage=0.0371952


Tree=16
num_leaves=8
num_cat=4
split_feature=66 31 11 11 15 15 70
split_gain=231.714 165.905 141.002 106.934 91.1234 87.8556 23.4245
threshold=11.018588158675445 4.5000000000000009 0 1 2 3 0.44562647754137119
decision_type=2 10 9 9 9 9 2
left_child=1 2 -1 6 -3 -5 -2
right_child=3 4 -4 5 -6 -7 -8
leaf_value=0.028702010020972335 0.010268409916543882 -0.012554798088962569 0.00021900587222405647 0.012978369891468961 0.025229295514573136 -0.010770298495239833 0.038772258237838773
leaf_weight=247.77179469913244 94.101628005504608 98.472662754356861 3580.3147607371211 225.87100522220135 703.2512601017952 2929.9771659821272 69.262423500418663
leaf_count=2089 863 834 31837 2136 5871 28312 624
internal_value=-1.59955e-05 0.00536098 0.00213859 -0.00751605 0.0207458 -0.00903467 0.0210751
internal_weight=7949.02 4629.81 3828.09 3319.21 801.724 3155.85 163.364
internal_count=72566 40631 33926 31935 6705 30448 1487
cat_boundaries=0 26 52 70 87
cat_threshold=1056 8912896 1073741824 0 134217728 16 8388608 268435456 268435456 268503040 0 0 32768 0 33554432 0 16777232 0 2162688 262144 0 1026 1048576 2170880 268437520 33554944 2097152 2147483648 262160 134742016 524288 0 0 8388608 10485777 2147524610 264 128 0 32768 0 0 0 0 0 0 0 4096 200704 69238816 0 2097152 0 4 2097440 1073741824 32 10243 536903680 134217728 2 8717312 131072 0 448 67108864 38 8 134217728 56 0 33554704 286728 65664 1210056736 131088 268697600 0 65 2097168 269494272 0 540672 8192 134217748 0 2048
is_linear=0
shrinkage=0.0371952


Tree=17
num_leaves=8
num_cat=4
split_feature=2 5 8 11 11 15 16
split_gain=386.541 160.677 117.781 100.504 78.6471 61.4697 17.2361
threshold=9.6350000000000033 0 43290.500000000007 1 2 3 1.5000000000000002
decision_type=2 9 2 9 9 9 2
left_child=4 2 -2 -3 6 -6 -1
right_child=1 3 -4 -5 5 -7 -8
leaf_value=0.011814019937885778 0.009229506839854882 0.031776609387268902 -0.0046137515620168143 0.0092152102602739722 0.010224506831303527 -0.01793977862998437 0.051902134049199092
leaf_weight=73.896867036819458 1275.446575127542 317.86984813958406 2550.5358991473913 1879.241308927536 111.77501443773508 1720.2757895588875 18.522136069834232
leaf_count=734 10755 2403 23553 14850 1157 18937 177
internal_value=-1.53117e-05 0.00462144 1.16559e-06 0.0126094 -0.0145268 -0.0161749 0.0179409
internal_weight=7947.56 6023.09 3825.98 2197.11 1924.47 1832.05 92.419
internal_count=72566 51561 34308 17253 21005 20094 911
cat_boundaries=0 1 27 53 71
cat_threshold=268439520 0 532480 32 1 0 2097152 0 4194304 8192 12618752 0 0 0 16384 33554432 0 2147483648 1 0 0 512 0 135168 1617068064 1073743900 64 4325760 0 33701888 2176 0 6160 0 2147483648 266240 67108904 0 0 0 524288 131072 0 2048 0 67108864 8 0 8194 16843776 0 19 8388608 537395200 3305112580 524288 2147483904 4194336 65536 134217728 2097152 96 16 14336 142606356 262272 0 16 2 524288 64
is_linear=0
shrinkage=0.0371952


Tree=18
num_leaves=8
num_cat=4
split_feature=2 2 11 11 11 15 0
split_gain=361.876 150.52 133.681 91.5497 73.4376 61.1206 24.2162
threshold=9.6250000000000018 16.075000000000003 0 1 2 3 2412.5000000000005
decision_type=2 2 9 9 9 9 2
left_child=4 2 -2 -3 6 -6 -1
right_child=1 3 -4 -5 5 -7 -8
leaf_value=0.090593120642752017 -0.017057719982787829 -0.020022162645432526 0.0034496266853810595 0.018392000460361827 0.010573020817349095 -0.017845658460511934 0.012892833259391133
leaf_weight=5.8334641605615607 479.4381565824151 86.284481965005398 4326.5633832588792 1184.4173601940274 108.95210864394903 1658.6208067387342 94.087028533220291
leaf_count=56 4368 706 37814 9025 1141 18520 936
internal_value=-1.53712e-05 0.0043855 0.00137532 0.0157698 -0.0143352 -0.016044 0.0158976
internal_weight=7944.2 6076.7 4806 1270.7 1867.49 1767.57 99.9205
internal_count=72566 51913 42182 9731 20653 19661 992
cat_boundaries=0 26 53 79 97
cat_threshold=0 202752 2162688 2147483648 1048576 1074315296 0 33554433 64 64 0 131072 33554432 2097152 0 3221225472 0 16384 64 655360 2129952 0 0 0 8454144 2048 2101248 1048576 65536 16777216 0 8405248 1 1048576 33554432 128 32 0 12 0 64 0 0 131072 4214784 1 590080 2060 0 524288 4160 4096 8 4325760 0 33685504 2176 0 4112 0 3221225472 4096 67117096 0 0 0 524288 131072 0 2048 0 67108864 8 0 8194 66560 67108864 19 8388608 538443776 3305112576 524288 256 4194336 66048 0 2097152 96 0 2165323776 8388628 262272 0 16 2 4194304 64
is_linear=0
shrinkage=0.0371952


Tree=19
num_leaves=8
num_cat=5
split_feature=2 68 11 15 15 11 12
split_gain=338.327 143.042 135.987 93.4641 66.1629 67.8435 20.603
threshold=9.6250000000000018 0.30616619418113838 0 1 2 3 4
decision_type=2 2 9 9 9 9 9
left_child=4 2 -2 -3 6 -6 -1
right_child=1 3 -4 -5 5 -7 -8
leaf_value=-0.011549542909998529 -0.017072030275481882 0.039705906647382001 0.0036007898493590259 0.010981962585088958 0.015326473965677278 -0.017560649701665407 0.020403614592812171
leaf_weight=33.557745479047298 477.01532515138388 191.84392198175192 4578.8314181268215 847.63121969252825 86.743873082101345 1633.3946763798594 92.50695639103651
leaf_count=357 4317 1538 39111 6947 863 18463 970
internal_value=-1.79887e-05 0.0042072 0.00162347 0.0167731 -0.0139673 -0.0158226 0.0116724
internal_weight=7941.53 6095.32 5055.85 1039.48 1846.2 1720.14 126.065
internal_count=72566 51913 43428 8485 20653 19326 1327
cat_boundaries=0 25 43 60 86 88
cat_threshold=32768 68096 2162688 2147483648 1048576 16793632 16385 1 2147483712 320 0 131072 0 0 0 3221225472 0 0 256 134742016 2195744 16 0 0 1114112 0 704 4235264 2550136832 10 163840 6291456 0 325 1212416 1342177280 0 2048 1342177280 0 6389760 0 2 1074266112 3305112580 524288 0 20971552 66176 0 2162688 96 65536 2148542464 411041808 0 0 0 2 276824064 4194432 0 131072 2176 0 6160 16 3221225472 266240 83886114 256 0 0 524288 16908288 0 2048 0 67108864 0 0 2 2148598784 67108992 16 8388608 1233142798 156
is_linear=0
shrinkage=0.0371952


Tree=20
num_leaves=8
num_cat=4
split_feature=2 8 11 11 11 11 70
split_gain=321.248 145.693 107.438 102.127 91.2789 82.8554 29.4414
threshold=13.615 50341.500000000007 0 1 2 3 0.38266583229036299
decision_type=2 2 9 9 9 9 2
left_child=1 4 -3 6 -1 -5 -2
right_child=3 2 -4 5 -6 -7 -8
leaf_value=0.025110713733246148 0.01056056967411967 0.018846787670181088 -0.01380337519656882 -0.017540691899665301 -0.0013808578965574083 0.0083075284382678524 0.034827707673025614
leaf_weight=188.19012748450041 94.061926692724228 140.68074775487185 2477.1100073382258 174.7977357506752 1941.284518301487 2660.5179535523057 262.120590262115
leaf_count=1671 698 1377 26128 1509 18435 20843 1905
internal_value=-1.73291e-05 -0.00615218 -0.012029 0.00910801 0.00107244 0.00665754 0.0276465
internal_weight=7938.76 4747.27 2617.79 3191.5 2129.47 2835.32 356.183
internal_count=72566 47611 27505 24955 20106 22352 2603
cat_boundaries=0 25 51 76 101
cat_threshold=2097666 2147483648 17 134742272 0 2048 64 0 528384 2147491840 48 0 0 131072 4194304 0 16777217 131072 0 2 16384 4096 1048576 2097200 1073743874 0 2684362752 50331648 1 0 0 65664 0 1 2151680544 8 0 16 0 33554432 0 0 0 0 262656 512 0 131072 2220924928 167774224 64 0 8912896 268566576 18874368 0 262144 8388608 268435456 0 19220520 0 0 32768 0 0 0 0 0 270532608 0 1048576 0 1024 805306368 268435504 4194304 1073742336 134283264 2147484160 2147483648 16793600 16385 68157440 34078720 67108864 0 1024 1073741832 0 0 3221241856 524288 32768 67108864 1 32768 0 0 524288 65538
is_linear=0
shrinkage=0.0371952


Tree=21
num_leaves=8
num_cat=4
split_feature=2 68 11 11 11 10 2
split_gain=306.117 111.684 108.847 88.5894 84.8897 81.1725 26.1467
threshold=11.180000000000001 0.26315154678412828 0 1 2 3 9.2850000000000019
decision_type=2 2 9 9 9 9 2
left_child=3 2 -2 6 -3 -5 -1
right_child=1 4 -4 5 -6 -7 -8
leaf_value=0.0071427778015425106 0.023234801591884246 -0.022850158076438115 0.0002100881510003251 -0.013846955974797773 0.016799333046285347 0.0033395984852392624 0.040116521366958834
leaf_weight=87.091216742992401 300.43005991727114 72.23896998167038 3349.7870778366923 2326.6400840431452 1289.6989203616977 455.83931393176317 53.81033281981945
leaf_count=883 2354 587 27930 25269 10120 4943 480
internal_value=-1.78276e-05 0.00556136 0.00216976 -0.00958329 0.0146508 -0.0110295 0.0184408
internal_weight=7935.54 5012.16 3650.22 2923.38 1361.94 2782.48 140.902
internal_count=72566 40991 30284 31575 10707 30212 1363
cat_boundaries=0 26 52 78 79
cat_threshold=1048640 536870912 0 1210056704 0 16 65536 671088640 2097153 6324768 0 0 0 0 0 0 1 0 0 262144 512 0 0 2216697856 33556504 33555520 524288 2147483648 131088 67110912 2 20 0 268435456 268435456 50398210 16 128 2048 524288 0 0 16777217 0 69206016 0 0 2 17891328 0 18 1082130432 10485824 0 65536 0 0 0 0 211943424 1048576 2 0 0 348160 136323072 2147483648 16388 8388608 32768 16777216 0 2621440 0 16777216 33554432 8388608 2048 8311
is_linear=0
shrinkage=0.0371952


Tree=22
num_leaves=8
num_cat=4
split_feature=2 10 68 15 15 11 8
split_gain=291.094 128.59 120.724 106.647 66.5258 55.6355 18.9978
threshold=9.3250000000000011 0 0.26315154678412828 1 2 3 75002.400000000009
decision_type=2 9 2 9 9 9 2
left_child=4 2 -2 -3 6 -6 -1
right_child=1 3 -4 -5 5 -7 -8
leaf_value=0.021686776168318923 -0.0018968524585623052 0.046029631569304404 0.010665548953121646 0.010898632067582166 0.01676075497964661 -0.016672839783557911 -0.0093556893643273829
leaf_weight=93.71814226359129 3802.0001513063908 138.65256981551647 1466.4946366325021 742.62091827392578 66.460897274315357 1584.3783279061317 38.412451401352882
leaf_count=969 32855 1153 11813 6280 643 18423 430
internal_value=-1.87453e-05 0.00381776 0.00159697 0.0168834 -0.0132512 -0.0152334 0.0117713
internal_weight=7932.74 6149.77 5268.49 881.273 1782.97 1650.84 132.131
internal_count=72566 52101 44668 7433 20465 19066 1399
cat_boundaries=0 1 19 36 62
cat_threshold=12375 0 128 344064 3489660928 18 128 24510464 0 5 3145760 268435456 0 51232 402653184 0 1028 268435456 256 524288 3305112580 524288 256 20971552 66176 0 2162688 96 69632 2147485696 411041812 128 0 0 2 276824064 128 0 131072 2180 0 4112 16 2149580800 4096 83886114 256 0 0 524288 16908288 0 2048 0 67108864 0 0 2 1115136 128 18 8388608
is_linear=0
shrinkage=0.0371952


Tree=23
num_leaves=8
num_cat=6
split_feature=5 66 11 11 15 11 15
split_gain=276.22 132.243 110.295 97.8919 91.5079 87.574 46.3433
threshold=0 11.018981483642504 1 2 3 4 5
decision_type=9 2 9 9 9 9 9
left_child=1 2 -1 6 -5 -3 -2
right_child=3 5 -4 4 -6 -7 -8
leaf_value=0.023332842027427202 0.056662031474317601 0.019106295511646519 -0.0030088651897872088 0.022963935189443112 0.0034725023490239397 -0.015393876741345463 0.018874111803626699
leaf_weight=231.23223605751991 59.099954836070538 101.28397144377232 2472.2429543957114 373.45972557365894 2644.017616122961 1782.0608486905694 266.4613793939352
leaf_count=2082 414 1000 24126 2852 20773 19379 1940
internal_value=-1.72494e-05 -0.00593858 -0.000680102 0.00810059 0.00595322 -0.0135181 0.0272278
internal_weight=7929.86 4586.82 2703.48 3343.04 3017.48 1883.34 325.561
internal_count=72566 46587 26208 25979 23625 20379 2354
cat_boundaries=0 1 27 53 70 94 112
cat_threshold=268436479 1048576 8929280 4325392 16777220 268435456 262160 0 0 16384 3104 0 0 32768 131072 0 0 0 0 270532608 0 1049088 2 1049600 268435584 301989920 1073741824 0 2147491840 0 1 0 0 65536 0 276865025 2155872769 8 0 0 0 0 0 0 0 0 262144 512 0 139264 2221056000 201328664 64 8388608 8 1089544 3145728 134217744 262272 268697600 2147483648 0 3276816 50331648 0 66560 0 12 4330496 2684354560 2097152 2147483648 262160 143130624 0 0 512 0 528640 16818182 0 128 8192 524288 0 0 16777216 131072 0 2 0 0 69632 2097456 0 280 1179648 536870912 21 131344 159514624 67108864 256 542720 0 4 1056 2415919104 0 32768 1073741824 138
is_linear=0
shrinkage=0.0371952


Tree=24
num_leaves=8
num_cat=4
split_feature=2 31 10 11 11 15 0
split_gain=263.395 135.124 121.295 100.053 61.8906 55.4939 19.7882
threshold=9.3250000000000011 4.5000000000000009 0 1 2 3 2712.5000000000005
decision_type=2 10 9 9 9 9 2
left_child=4 2 -2 -3 6 -6 -1
right_child=1 3 -4 -5 5 -7 -8
leaf_value=0.075587170872009571 0.022220774925714663 0.03938340114833281 -0.00078534086499122777 0.0098091926507403449 0.010140030523660748 -0.016290973121872946 0.011818942790169467
leaf_weight=7.1987224593758574 330.5581101924181 181.45646654069424 4576.1190730333328 1083.2528179958463 115.14735724776983 1539.7132781967521 92.488826312124729
leaf_count=67 2773 1413 38972 8943 1232 18241 925
internal_value=-1.25776e-05 0.00360284 0.00080852 0.0144433 -0.012729 -0.0144016 0.0149714
internal_weight=7925.93 6171.39 4906.68 1264.71 1754.55 1654.86 99.6875
internal_count=72566 52101 41745 10356 20465 19473 992
cat_boundaries=0 1 27 53 71
cat_threshold=2440 1572864 532480 100663296 0 0 1207959552 2 0 32768 36360 0 0 0 16384 16777216 0 2147483648 131072 4194304 0 512 0 12288 872419360 33554472 64 131456 0 33685504 2176 0 4112 0 2147483648 4096 75505696 0 0 0 524288 4325440 0 2048 0 67108864 8 0 8194 66560 67108864 19 8388608 537395200 3305112576 524288 524544 4194336 65536 8388608 2097152 96 0 2231375872 8388628 128 0 16 10 4194304 64
is_linear=0
shrinkage=0.0371952


Tree=25
num_leaves=8
num_cat=6
split_feature=5 11 11 15 15 15 8
split_gain=246.646 104.236 104.007 89.3745 87.2811 42.5312 18.007
threshold=0 1 2 3 4 5 27618.000000000004
decision_type=9 9 9 9 9 9 2
left_child=1 6 5 -4 -3 -2 -1
right_child=2 4 3 -5 -6 -7 -8
leaf_value=0.054721155942138368 -0.0090013391431440094 0.012007788068520358 0.020167760179310521 0.0022706518283854863 -0.010936977204792132 0.03196874977655146 0.016912699999757471
leaf_weight=19.701576463878155 41.416427038609982 242.30981907248497 420.33323787897825 3835.1024900078773 2952.260286308825 263.21036749333143 148.71523027867079
leaf_count=167 310 2514 3267 30873 32105 1951 1379
internal_value=-1.0843e-05 -0.00764001 0.00562002 0.00408189 -0.00916434 0.0262886 0.0201595
internal_weight=7923.05 3362.99 4560.06 4255.44 3194.57 304.627 168.417
internal_count=72566 36165 36401 34140 34619 2261 1546
cat_boundaries=0 1 27 53 69 86 104
cat_threshold=255 0 0 163856 2048 0 4 64 0 0 50331682 80 0 0 17432576 4194304 0 4097 0 335552512 0 0 2 17892352 160 18 1073758208 0 2684354560 262144 2097153 0 0 0 0 402685953 2147484160 8 0 0 0 0 0 16777216 0 0 262144 512 0 131072 2149687296 1308624896 33555520 134217728 64 1073152 0 1207959572 409632 0 2415919104 256 3145872 100663552 67108896 1056 8192 8 4195329 524288 1140851776 16384 2147745792 20971528 128 32 69632 67109344 2195456 268445696 0 264193 0 0 0 8388608 0 5 75776 2449473536 2 1024 16777216 2147483648 260 0 16777216 1 4096 41943040 2 512 2147483648 17
is_linear=0
shrinkage=0.0371952


Tree=26
num_leaves=8
num_cat=6
split_feature=5 8 15 11 11 15 15
split_gain=232.992 125.45 96.1704 91.9919 91.3153 86.2181 28.3949
threshold=0 43290.500000000007 1 2 3 4 5
decision_type=9 2 9 9 9 9 9
left_child=1 2 -1 6 -3 -5 -2
right_child=3 4 -4 5 -6 -7 -8
leaf_value=0.026189803791960214 -0.0018316745582309963 0.018191877835415281 -0.00057555570050863358 0.021483421816106508 -0.011279237139407596 0.0030513660117477987 0.032847067354841719
leaf_weight=207.2331080660224 45.288489952683449 145.50003708153963 1282.5821023732424 395.49403421580791 2902.2029991596937 2705.2892963513732 236.40375749021769
leaf_count=1893 321 1394 12035 2931 31265 21064 1663
internal_value=-9.8568e-06 -0.00551304 0.00332041 0.00736701 -0.00984919 0.00546424 0.0274007
internal_weight=7919.99 4537.52 1489.82 3382.48 3047.7 3100.78 281.692
internal_count=72566 46587 13928 25979 32659 23995 1984
cat_boundaries=0 1 18 44 70 87 105
cat_threshold=268436479 536870912 2147484225 0 201326592 24 49160 2097664 3221225472 8 65536 369131520 4 2304 1073741824 0 2130944 2424307712 0 2147491840 0 1 0 0 65664 0 276865025 2155872769 8 0 0 0 0 0 2147483648 0 0 262144 512 0 139264 2216861696 201328656 64 1049088 2147483648 393232 8912900 268435456 262144 2112 0 4198400 536870912 16 0 0 655360 0 0 1 131072 0 0 268451840 4096 1048576 2097456 0 24576 8388608 128 1089544 3145728 134217750 262272 285474816 0 1 3276816 50331648 0 81920 0 12 4325376 2684354560 0 4 40960 2550136832 0 512 20971520 2415919104 5 0 1077936128 16 0 33554432 2 2640384 2147483648 32
is_linear=0
shrinkage=0.0371952


Tree=27
num_leaves=8
num_cat=4
split_feature=2 31 11 15 15 11 8
split_gain=228.604 122.436 116.099 90.5474 61.31 52.7566 17.7349
threshold=9.3250000000000011 4.5000000000000009 0 1 2 3 84020.000000000015
decision_type=2 10 9 9 9 9 2
left_child=4 2 -2 -3 6 -6 -1
right_child=1 3 -4 -5 5 -7 -8
leaf_value=0.020504943652232616 0.025063736600439646 -0.015242609317701191 -0.00068298005156810517 0.016818284851181888 0.016230465468800592 -0.015491032452182382 -0.011851274768814901
leaf_weight=100.31107504665852 245.46948777139187 130.53276602178812 4673.1234323605895 1150.2675762921572 70.399515770375729 1515.6945931017399 30.523696780204773
leaf_count=1045 1948 1086 39797 9270 696 18368 356
internal_value=-7.06654e-06 0.0033193 0.000651832 0.0135624 -0.0120174 -0.0139895 0.0120344
internal_weight=7916.32 6199.39 4918.59 1280.8 1716.93 1586.09 130.835
internal_count=72566 52101 41745 10356 20465 19064 1401
cat_boundaries=0 26 44 61 87
cat_threshold=32 2147483648 17 0 134217728 16 0 0 268435456 2168455200 8 0 32768 536903680 256 0 1 0 2162688 0 2 1024 0 1075847168 1342187536 33555456 16777216 4 6291456 1082261504 32 8192 67143680 167772160 0 1088 10485760 0 194 537919488 32 200 1476395008 24 537395200 3305113092 524288 256 20971552 66176 134217728 65536 64 69632 2147485696 411041808 128 0 0 2 276824064 128 0 2147614720 2176 32768 4112 0 2149580800 266240 2231369760 256 0 65536 524288 16908352 0 2048 0 67108864 0 0 2 2147550208 0 2 8388740
is_linear=0
shrinkage=0.0371952


Tree=28
num_leaves=8
num_cat=3
split_feature=2 10 31 15 15 66 66
split_gain=213.754 126.225 123.892 100.963 70.4617 38.9981 33.0515
threshold=8.4350000000000023 0 4.5000000000000009 1 2 11.097750818980328 11.225288724312305
decision_type=2 9 10 9 9 2 2
left_child=4 2 -2 -3 6 -6 -1
right_child=1 3 -4 -5 5 -7 -8
leaf_value=0.024789171899809 -0.0023152598439055336 -0.01883919425387658 0.011082851629775599 0.019278094770222732 -0.011314492257714123 -0.02521214575041391 -0.017990516301730528
leaf_weight=92.461433313786983 4418.9806766957045 101.9819024503231 1217.9517672881484 861.14225310832262 736.86850468069315 450.06570435315371 34.171586520969868
leaf_count=1003 38385 868 9932 7224 8807 5927 420
internal_value=-7.19781e-06 0.00271998 0.000578686 0.0150888 -0.0137094 -0.0164469 0.0122728
internal_weight=7913.62 6600.06 5636.93 963.124 1313.57 1186.93 126.633
internal_count=72566 56409 48317 8092 16157 14734 1423
cat_boundaries=0 1 19 37
cat_threshold=12375 2688548864 2 4194464 18350080 0 139266 134220800 2148532224 0 4718592 0 16 0 0 2 567426 100663296 8 1644691456 1073742596 2 17301504 20971536 4736 0 2097152 64 65552 2214592512 276824068 8448 0 0 0 276824064 64
is_linear=0
shrinkage=0.0371952


Tree=29
num_leaves=8
num_cat=4
split_feature=2 8 15 15 11 15 2
split_gain=202.137 119.42 92.9348 90.2849 84.5572 82.3913 6.85133
threshold=13.615 50341.500000000007 0 1 2 3 16.075000000000003
decision_type=2 2 9 9 9 9 2
left_child=1 3 -3 -1 6 -6 -2
right_child=4 2 -4 -5 5 -7 -8
leaf_value=-0.017032182173116993 -0.024149430991610592 0.015876345848894365 -0.012409886684729639 0.0046457698469969883 -0.012586982019903093 0.010162309878742943 -0.0091163722252639908
leaf_weight=301.40380585193634 109.07230258733034 165.60372992604971 2339.3912682905793 1806.9006367996335 231.52753161638975 2889.1760765612125 68.338634744286537
leaf_count=2899 953 1748 25757 17207 1830 21607 565
internal_value=-8.66877e-06 -0.00503564 -0.0105257 0.00148747 0.00702285 0.00843946 -0.0173851
internal_weight=7911.41 4613.3 2504.99 2108.3 3298.11 3120.7 177.411
internal_count=72566 47611 27505 20106 24955 23437 1518
cat_boundaries=0 16 34 59 77
cat_threshold=2101248 33555456 24576 2147483904 1109393408 128 1207959552 81920 96 2097200 1074929664 16 16417 65536 134217728 8 4194304 0 256 570556416 1 67 262144 0 22 1845312 136314880 2 147520 67108864 0 1720336 0 16 6324224 1073742336 134283264 2147484160 2147483648 16793600 16384 68157440 34078720 67108864 0 1024 1073741832 0 0 3221241856 524288 32768 0 1 32768 0 0 524288 65536 4096 1073741860 8913700 8536064 67108864 8201 2147485696 262144 48 1024 131072 0 2 8388608 2147483649 520 0 9
is_linear=0
shrinkage=0.0371952


Tree=30
num_leaves=8
num_cat=4
split_feature=2 8 11 11 11 15 8
split_gain=196.725 130.753 116.197 106.119 65.08 63.1499 24.3413
threshold=7.8900000000000015 70000.500000000015 0 1 2 3 64837.000000000007
decision_type=2 2 9 9 9 9 2
left_child=4 2 -2 -3 6 -6 -1
right_child=1 3 -4 -5 5 -7 -8
leaf_value=0.040902887410518556 -0.020664068509139231 0.023095491341826334 0.0068024788778087942 -0.0078756926454593302 0.011401982255002443 -0.021492107469055732 -0.0083716618452846833
leaf_weight=38.618600100278854 214.21989872306585 156.56989900767803 4611.0045507997274 1967.5949634835124 87.100534990429878 811.88080070912838 21.588676571846008
leaf_count=402 1934 1349 38426 18644 1041 10514 256
internal_value=-1.05213e-05 0.00216896 0.00555407 -0.00552051 -0.0158001 -0.018214 0.0199365
internal_weight=7908.58 6949.39 4825.22 2124.16 959.189 898.981 60.2073
internal_count=72566 60353 40360 19993 12213 11555 658
cat_boundaries=0 26 52 78 95
cat_threshold=2097152 67584 65536 2181038080 537919488 16826368 16384 0 64 0 0 1024 4 0 0 16400 8192 16384 8388928 134217728 2162944 268435520 0 0 2097152 67239936 2097154 2147483648 4456448 524288 0 2064 0 8421376 2129928 167813156 264 128 0 0 0 0 0 0 0 262144 0 0 196608 73695232 0 2098176 4325376 2048 131080 34944 0 4096 0 1075838976 0 10485770 0 0 0 33554432 64 33554432 2048 131072 0 0 0 8192 16777216 48 402654228 1077936132 1093140480 128 524288 327680 4194320 4104 142606336 537395200 64 16 3556900864 8388608 139520 0 0 0 1352138752
is_linear=0
shrinkage=0.0371952


Tree=31
num_leaves=8
num_cat=6
split_feature=5 66 11 11 11 15 15
split_gain=187.956 131.055 99.1694 95.3376 89.7098 84.9577 34.7375
threshold=0 10.67571158820296 1 2 3 4 5
decision_type=9 2 9 9 9 9 9
left_child=1 3 -3 -1 6 -6 -2
right_child=4 2 -4 -5 5 -7 -8
leaf_value=0.028964075022070816 -0.0034043328524937314 0.016282457918145938 -0.0092603700326609299 0.0014366306772987543 0.023704961016784563 0.0028435282354101672 0.034772195175109676
leaf_weight=184.59899259358644 44.369305729866028 215.70245390385389 3500.4321459755301 1679.3695225641131 311.60293297469616 1742.9894988685846 227.04657258838415
leaf_count=1537 307 1994 36641 15133 2252 13128 1574
internal_value=-1.2279e-05 -0.00371489 -0.00775856 0.00432689 0.00884806 0.00610759 0.0286326
internal_weight=7906.11 5580.1 3716.13 1863.97 2326.01 2054.59 271.416
internal_count=72566 55305 38635 16670 17261 15380 1881
cat_boundaries=0 1 26 52 78 96 114
cat_threshold=268439551 512 2147483648 262161 557060 256 16 2112 0 134221824 2164260992 0 0 0 0 4194304 0 1 131072 262144 0 16384 4096 1048576 69206064 33554432 524288 2155872256 285229056 16777216 0 0 8388608 2147483648 512 75820 0 0 0 0 0 33554432 0 0 335544320 0 512 0 68608 270336 134268928 1107296768 32 0 67108896 1 0 2097152 0 4194304 8192 8424448 0 0 0 270548992 33554432 0 2147483648 1 0 0 512 1024 135168 1617068064 2064 2097216 8388608 0 32768 3221225472 50 263232 273154048 2147483648 256 3293200 117440512 0 147456 0 0 200704 2684354560 260 0 256 2129920 1476395008 0 268288 0 2147483648 34 0 0 16 8192 2852126720 3 8192 0 136
is_linear=0
shrinkage=0.0371952


Tree=32
num_leaves=8
num_cat=5
split_feature=2 10 11 11 11 15 8
split_gain=181.661 124.254 113.628 113.226 60.9961 54.6752 23.7454
threshold=7.8900000000000015 0 1 2 3 4 64837.000000000007
decision_type=2 9 9 9 9 9 2
left_child=4 2 -2 -3 6 -6 -1
right_child=1 3 -4 -5 5 -7 -8
leaf_value=0.039666907705434171 0.021431733316263787 -0.019311001893347918 -0.0096054523428964721 0.0061869321538906468 0.010428844299806362 -0.020793795250466492 -0.0077252845013234279
leaf_weight=38.668173357844353 172.76803063601255 243.99646929651499 1587.2968615293503 4955.0850075483322 83.773303434252739 797.47723587602377 23.467010878026485
leaf_count=393 1478 2306 14066 42503 988 10548 284
internal_value=-8.93441e-06 0.00206746 -0.00645425 0.00495528 -0.0153251 -0.0177414 0.018762
internal_weight=7902.53 6959.15 1760.06 5199.08 943.386 881.251 62.1352
internal_count=72566 60353 15544 44809 12213 11536 677
cat_boundaries=0 1 27 52 78 95
cat_threshold=8259 131072 0 16809985 1073741824 134217728 262144 0 0 0 5111840 0 0 36864 0 0 570425344 0 0 0 0 524288 0 1122304 2290122752 34856 33554560 536870912 67584 2162688 2181038080 0 16797696 540672 2097152 33554496 64 2 0 0 33554432 0 1073741828 8192 16384 256 8 2658560 0 0 524290 65536 4325632 2048 131072 34944 0 4096 0 1075838976 512 10493960 0 0 0 33554432 64 33554432 2048 131072 0 0 0 8192 16777216 16 402654228 1077936132 1630011392 128 524288 327680 4194320 4096 209715200 537395200 64 16 3556900864 8388608 139520 0 0 0 278396928
is_linear=0
shrinkage=0.0371952


Tree=33
num_leaves=8
num_cat=6
split_feature=5 8 15 11 11 15 15
split_gain=170.008 126.725 99.5878 86.0569 82.0095 84.365 32.6234
threshold=0 71966.000000000015 1 2 3 4 5
decision_type=9 2 9 9 9 9 9
left_child=1 2 -1 -3 6 -6 -2
right_child=4 3 -4 -5 5 -7 -8
leaf_value=0.018773958705466939 -0.0028265167907476798 0.019774889097546683 -0.0017955296746796649 -0.014390495794506887 -0.017887197448551068 0.0081113822344664396 0.033302229209672442
leaf_weight=348.17550151795149 46.99458022415638 102.03133275359869 3567.6002231985331 1539.7602631375194 181.07913540303707 1888.4701368957758 226.53291345387697
leaf_count=3204 322 996 34075 17030 1389 14010 1540
internal_value=-1.0816e-05 -0.00355343 7.7068e-05 -0.0122337 0.00837122 0.00576099 0.0272148
internal_weight=7900.64 5557.57 3915.78 1641.79 2343.08 2069.55 273.527
internal_count=72566 55305 37279 18026 17261 15399 1862
cat_boundaries=0 1 18 44 70 88 105
cat_threshold=268439551 33554432 2147483712 16400 138412032 8 128 1073807360 268435456 1073741832 69760 1074794752 32 524544 4096 8 4195328 79691776 2359298 2147483648 262144 8912896 0 2064 4 8388608 8 167780356 0 128 0 0 0 0 0 0 0 0 540672 4096 65536 69207328 16 2147483649 32 8192 67108896 1 0 2097152 0 4194304 8192 12618752 0 0 0 270548992 33554432 0 2147483648 1 0 0 512 1024 4096 543326240 20 2097216 16777216 2147483680 4196609 0 0 66049 3221260288 0 2147483664 1028 539000832 0 8704 2147483648 17 8650816 4718592 8 0 256 3178496 1207959552 0 268288 0 1073741824 32 0 0 16 8192 2936012800 3 536576 536870912
is_linear=0
shrinkage=0.0371952


Tree=34
num_leaves=8
num_cat=3
split_feature=2 33 10 11 15 68 3
split_gain=168.157 106.63 103.733 53.2454 48.1808 26.7322 17.5662
threshold=9.3250000000000011 87.500000000000014 0 1 2 0.099999183340005515 130.79500000000004
decision_type=2 8 9 9 9 2 2
left_child=3 5 -3 6 -5 -2 -1
right_child=1 2 -4 4 -6 -7 -8
leaf_value=0.050211740980165842 0.0060643257874731186 0.027407682325923003 0.00089876364103340964 0.010941044500812453 -0.014131523121580218 0.035372050030365677 0.0090885953980844227
leaf_weight=17.229089856147766 57.940836772322655 201.66511894017458 5825.4854697585106 110.01220451295376 1432.0647789314389 167.9500934779644 85.274389013648033
leaf_count=167 461 1618 48766 1226 18184 1256 888
internal_value=-9.94018e-06 0.00277349 0.00183301 -0.0105928 -0.0122834 0.0278589 0.0146056
internal_weight=7897.62 6253.04 6027.15 1644.58 1542.08 225.891 102.503
internal_count=72566 52101 50384 20465 19410 1717 1055
cat_boundaries=0 1 27 45
cat_threshold=2048 131456 0 33701888 2176 0 4116 0 0 266240 67182624 0 0 0 2621440 131072 0 2048 0 67108864 0 0 2 65536 67108864 17 8388608 1075314688 3305112576 524288 2148008192 4194336 0 8388608 0 96 4352 1054720 8388628 136 0 16 10 4194304 64
is_linear=0
shrinkage=0.0371952


Tree=35
num_leaves=8
num_cat=5
split_feature=5 11 10 11 15 13 33
split_gain=154.181 103.656 94.5546 90.6375 76.7621 29.6723 25.7812
threshold=0 1 2 3 4 22.255000000000006 182.50000000000003
decision_type=9 9 9 9 9 2 8
left_child=1 6 -3 5 -5 -2 -1
right_child=3 2 -4 4 -6 -7 -8
leaf_value=0.1022490954734472 0.022365616905787367 -0.0080490676983436538 0.0073157667221369358 0.019222273056936811 0.0020388537532708894 0.055166658116785325 0.022806672729059108
leaf_weight=5.812542036175727 174.82407736033201 3627.6426063627005 647.47824864834547 403.2063796594739 2836.7528234496713 48.82742390781641 150.54939110577106
leaf_count=47 1194 38387 6779 2895 21571 319 1374
internal_value=-9.61154e-06 -0.00460049 -0.00571029 0.00586046 0.00423023 0.0282774 0.0242526
internal_weight=7895.09 4431.48 4275.12 3463.61 3239.96 223.652 156.362
internal_count=72566 46587 45166 25979 24466 1513 1421
cat_boundaries=0 1 27 28 54 71
cat_threshold=268436479 0 2147500032 131088 512 268435456 262148 64 0 0 32 16 0 0 17432576 0 0 16777217 131072 337911808 0 268435458 0 1115136 2097280 2 1073758208 8311 32 2164260864 0 1 0 0 65664 0 276856833 2157969921 8 0 16 0 0 0 2147483648 0 0 262144 512 0 65536 2149621760 201328664 64 8650752 136 1089544 1048576 134217728 266368 262144 2147483648 256 3145744 50331648 67108864 66568 1073741824 12 4325376 2684354560
is_linear=0
shrinkage=0.0371952


Tree=36
num_leaves=8
num_cat=5
split_feature=5 31 11 15 15 11 8
split_gain=148.822 114.41 110.228 83.8731 68.0086 48.9658 32.9238
threshold=0 5.5000000000000009 1 2 3 4 75002.400000000009
decision_type=9 10 9 9 9 9 2
left_child=4 2 -2 -3 6 -6 -1
right_child=1 3 -4 -5 5 -7 -8
leaf_value=0.025149147020099693 0.026428103228143464 -0.016192052050520055 -0.00080272644421646301 0.018163128613913077 0.016158239780864104 -0.017162243617765013 -0.018977809659820245
leaf_weight=94.690976053476334 203.45793309062719 105.78286461532116 5571.1258903369308 822.59137558937073 59.57789234817028 1004.0715893134475 31.003782816231251
leaf_count=1030 1584 866 48214 6553 658 13254 407
internal_value=-9.54679e-06 0.00214668 0.000201372 0.0142688 -0.0120777 -0.0151618 0.0132098
internal_weight=7892.3 6702.96 5774.58 928.374 1189.34 1063.65 125.695
internal_count=72566 57217 49798 7419 15349 13912 1437
cat_boundaries=0 1 27 45 63 89
cat_threshold=15 32 2147483648 17 134217728 0 33554448 0 0 276856832 18874400 72 0 32768 32768 0 0 1 0 2162688 0 2 1024 0 2170880 10240 33555456 0 4 4194304 1241513984 0 264208 100698112 0 0 1088 2097152 0 4160 1048576 0 1843264 1346371584 24 537395200 1073742596 16386 17301504 20971536 4736 8388608 0 64 196624 2147483648 276824068 8456 0 0 0 276824064 64 0 0 131080 557056 128 4096 0 2694840320 266240 2147745826 0 0 65536 131072 16777280 0 2048 0 67108864 768 0 0 2164326400 32768 33556496 65536
is_linear=0
shrinkage=0.0371952


Tree=37
num_leaves=8
num_cat=3
split_feature=2 8 31 11 15 11 21
split_gain=149.755 116.124 111.465 92.2175 59.4475 57.1953 27.8096
threshold=7.8900000000000015 92000.500000000015 4.5000000000000009 0 1 2 46.050000000000004
decision_type=2 2 10 9 9 9 10
left_child=4 2 -2 -3 6 -6 -1
right_child=1 3 -4 -5 5 -7 -8
leaf_value=0.0044241508550975335 0.0013225045897910198 0.025632108437369547 0.01403943772534604 -0.012445922370886551 0.019085563437992299 -0.019943374398644968 0.054767627152815676
leaf_weight=75.056243404746056 4688.9176017194986 87.649623796343803 1196.9222578257322 1008.1300340890884 50.188672974705696 764.011230930686 18.966936662793159
leaf_count=896 40415 784 9510 9644 568 10523 226
internal_value=-9.3939e-06 0.0018389 0.00390871 -0.00927836 -0.0142166 -0.0173338 0.0132084
internal_weight=7889.84 6981.62 5885.84 1095.78 908.223 814.2 94.0232
internal_count=72566 60353 49925 10428 12213 11091 1122
cat_boundaries=0 26 43 69
cat_threshold=2097216 0 22298624 524288 0 128 1540 0 8421384 171999360 0 0 0 49152 0 0 0 0 0 134217728 0 0 65536 77627392 0 3145728 538968064 640 540674 65536 20971536 4616 142606336 537395200 65 16 2415919104 8388608 139520 0 0 2097152 1351614464 0 0 2147614744 2132096 0 4096 0 10485760 0 10747915 0 0 0 35651584 64 33554432 0 131072 0 0 0 8192 16777216 0 134218260 1073741828
is_linear=0
shrinkage=0.0371952


Tree=38
num_leaves=8
num_cat=5
split_feature=2 10 11 11 15 11 21
split_gain=140.404 110.966 104.172 104.067 56.4107 54.7592 25.1567
threshold=7.8900000000000015 0 1 2 3 4 46.050000000000004
decision_type=2 9 9 9 9 9 10
left_child=4 3 -3 -2 6 -6 -1
right_child=1 2 -4 -5 5 -7 -8
leaf_value=0.0035974972042524867 0.02024160754022658 -0.020150347351056169 0.0055836068779239354 -0.0093583501855560823 0.018403691327657571 -0.019619694096754778 0.049235435129585607
leaf_weight=76.418968081474304 174.36152222007513 218.06212083995342 5019.6470666304231 1577.840829923749 50.873871155083179 748.79156047105789 21.32425906509161
leaf_count=909 1463 2057 42752 14081 576 10483 245
internal_value=-9.95496e-06 0.00176824 0.00447561 -0.00631403 -0.0138594 -0.0170019 0.0123219
internal_weight=7887.32 6989.91 5237.71 1752.2 897.409 799.665 97.7432
internal_count=72566 60353 44809 15544 12213 11059 1154
cat_boundaries=0 1 25 51 68 94
cat_threshold=8259 536870912 67584 2162688 2181038208 0 16814080 540672 2097152 33554496 64 2 0 0 33554432 0 1073741828 8192 16384 256 8 2658560 0 0 524290 131072 0 16809985 1073741824 134217728 262144 0 0 0 5112352 0 0 36864 0 0 570425344 0 0 0 0 524288 0 1122304 142639104 34856 33554560 1612709888 640 540674 65536 20971536 4616 142606336 536870912 65 16 2415919104 8388608 139520 0 0 2097152 1351614464 0 0 2147614728 2132096 0 4096 0 10485760 0 564396043 0 0 0 35651584 64 33554432 0 131072 0 0 0 8192 0 0 134218260 1073741828
is_linear=0
shrinkage=0.0371952


Tree=39
num_leaves=8
num_cat=5
split_feature=8 11 15 2 15 15 15
split_gain=139.951 102.63 90.8027 81.1699 84.2149 48.5442 24.382
threshold=60996.500000000007 0 1 8.5400000000000009 2 3 4
decision_type=2 9 9 2 9 9 9
left_child=1 6 -3 5 -5 -2 -1
right_child=3 2 -4 4 -6 -7 -8
leaf_value=0.013782526898769187 0.013082281666997084 -0.013080604802698608 0.0067824302455254748 0.017078967777323727 -0.0054959737578794653 -0.022872476203930816 -0.025010320371894049
leaf_weight=22.477408990263939 55.195546969771385 336.34192545711994 4155.9323512017727 243.00227471441031 2404.6134810894728 475.55093157291412 192.23078469932079
leaf_count=206 764 2989 35636 2139 22120 6912 1800
internal_value=-1.12803e-05 0.00406057 0.00526933 -0.00604145 -0.00337986 -0.0193165 -0.0205136
internal_weight=7885.34 4706.98 4492.27 3178.36 2647.62 530.746 214.708
internal_count=72566 40631 38625 31935 24259 7676 2006
cat_boundaries=0 26 44 61 79 95
cat_threshold=2097152 196608 2162688 2182086656 537919488 2147516448 0 0 524352 0 0 1024 1073741824 0 0 16400 532480 0 8388928 2 2195456 0 0 16777216 2097152 1179648 131072 134217728 8913152 147456 0 8193 2147483664 0 2147483664 533508 2097152 0 2 671744 19 526352 0 8 134217728 1296 24584 65664 1210056704 128 262144 2147483648 1 16 303048704 0 33 67117056 134217748 16 2097152 1073741824 5 524290 65536 553648128 9984 163840 0 80 0 2686976000 2 17088 0 1 8 1048576 20 0 64 2228224 2717908992 16 1024 2097152 0 18 1081344 1073741824 0 0 0 2 12288
is_linear=0
shrinkage=0.0371952


Tree=40
num_leaves=8
num_cat=5
split_feature=5 8 10 11 11 15 68
split_gain=133.985 118.99 101.111 86.846 77.9312 68.4468 9.81507
threshold=0 89959.000000000015 1 2 3 4 0.37499105135039523
decision_type=9 2 9 9 9 9 2
left_child=1 2 -1 6 -3 -5 -2
right_child=3 4 -4 5 -6 -7 -8
leaf_value=0.019766060493738798 -0.021382251700862106 0.016422797865158042 -0.0019516346726016129 -0.014270771186495371 -0.018056136825101737 0.01220345610241202 0.012100840376212072
leaf_weight=307.41522179916501 147.9132619202137 95.279988475143909 4497.4199314117432 139.47419960796833 887.47164553031325 1795.4299322515726 13.147312492132185
leaf_count=2937 1184 1013 43381 1050 10037 12866 98
internal_value=-1.30079e-05 -0.00293179 -0.000524785 0.00802217 -0.014729 0.0102311 -0.0175553
internal_weight=7883.55 5787.59 4804.84 2095.96 982.752 1934.9 161.061
internal_count=72566 57368 46318 15198 11050 13916 1282
cat_boundaries=0 1 2 28 54 71
cat_threshold=268455935 6528 2101248 512 270663680 512 0 8405312 0 68157440 33554432 256 0 0 1048584 0 0 67108864 0 131072 536870912 2 622592 0 0 540672 69952 20480 2359808 0 280592 524800 0 128 516 0 8421376 721444992 0 0 0 0 0 0 0 0 32 134217730 524288 0 0 6307840 2064 1024 16777216 1056 524609 8388608 0 8192 1073744896 1073741824 48 8256 32768 2 8192 2148007936 17 8388676 4980736
is_linear=0
shrinkage=0.0371952


Tree=41
num_leaves=8
num_cat=5
split_feature=8 10 15 11 15 31 11
split_gain=127.148 121.293 101.94 103.214 100.475 27.0794 25.8488
threshold=43290.500000000007 0 1 2 3 7.5000000000000009 4
decision_type=2 9 9 9 9 10 9
left_child=2 5 6 -4 -3 -2 -1
right_child=1 4 3 -5 -6 -7 -8
leaf_value=0.017759269205520584 0.023626225476617083 0.013758387105997274 -0.022822884994225176 0.011165931164584126 -0.0059282812716728792 0.10144816612799462 -0.017833130925910063
leaf_weight=25.507980644702911 186.17637958005071 379.28326707705855 122.55848781019449 2194.7099660038948 4710.101668022573 6.3396326974034301 256.43135544657707
leaf_count=212 1685 3449 1080 18147 45743 53 2197
internal_value=-1.32622e-05 -0.00332741 0.00672138 0.00927732 -0.00443687 0.0249293 -0.0141116
internal_weight=7881.11 5281.9 2599.21 2317.27 5089.38 192.516 281.939
internal_count=72566 50930 21636 19227 49192 1738 2409
cat_boundaries=0 1 19 45 62 87
cat_threshold=2048 4194304 1024 8388928 537526272 64 8196 2147483648 134742016 16 532546 0 3 131072 604110848 17 524304 134217728 33 2097664 4260864 2162688 2181070848 0 2048 0 2048 0 128 0 132096 1073741824 33554432 20971520 4 16384 16777472 64 0 2097152 32768 16384 16777216 4096 655364 0 33555776 286728 1114176 1073741824 131200 64 0 320 3145872 1057024 67108865 1056 8192 12 0 2048 0 524288 16777216 0 0 0 0 0 512 33555492 0 0 0 16384 0 2214592512 0 0 0 0 512 0 0 4096 34078721
is_linear=0
shrinkage=0.0371952


Tree=42
num_leaves=8
num_cat=4
split_feature=2 31 10 15 15 8 15
split_gain=126.081 103.984 96.2289 78.2744 51.9503 26.6115 24.6093
threshold=7.8900000000000015 5.5000000000000009 0 1 2 54003.000000000007 3
decision_type=2 10 9 9 9 2 9
left_child=4 2 -2 -3 5 -1 -6
right_child=1 3 -4 -5 6 -7 -8
leaf_value=0.03218508514405926 -0.002213248081513255 0.036630852584665412 0.01063905508007025 0.007982946371658306 0.00583536920483435 -0.0071398616922763681 -0.018343492563699229
leaf_weight=49.78528955578804 5071.8660807460546 152.17458460479975 947.81740591675043 828.09639707952738 64.152039211243391 45.526384204626083 720.57802985981107
leaf_count=532 44622 1170 7886 6675 834 600 10247
internal_value=-1.43257e-05 0.00165393 -0.000175513 0.0128875 -0.013283 0.0121365 -0.0163179
internal_weight=7880 6999.95 6019.68 980.271 880.042 95.3117 784.73
internal_count=72566 60353 52508 7845 12213 1132 11081
cat_boundaries=0 1 19 36 53
cat_threshold=12375 0 328 270336 0 3 20512 131072 2147483648 322 3686528 1358954496 0 656384 150994944 1 131072 0 192 536870912 640 540672 327680 20971536 4616 209715200 536870912 65 16 1342177280 8388608 139520 0 0 0 1352138752 1093140480 18874624 2 134225920 2147483648 0 4160 1080688640 128 196608 2214723584 268435456 16392 0 1 2097152 8192
is_linear=0
shrinkage=0.0371952


Tree=43
num_leaves=8
num_cat=4
split_feature=68 16 11 11 11 11 68
split_gain=122.216 107.674 116.745 97.8238 83.4297 67.5361 2.12822
threshold=0.26315154678412828 1.5000000000000002 0 1 2 3 0.39220087593005104
decision_type=2 2 9 9 9 9 2
left_child=1 3 -3 -1 6 -6 -2
right_child=4 2 -4 -5 5 -7 -8
leaf_value=0.019441267192173175 -0.028255808215579263 0.033586651237334911 0.0020153188455393524 -0.0067604555516539216 0.026921740431827663 0.0067912505442724062 -0.014898139012576609
leaf_weight=197.61978808045387 82.184042934328318 176.49380660057068 1267.2742631398141 4250.3591689355671 264.9667542129755 1617.7076352760196 20.983049139380455
leaf_count=1786 728 1473 11491 41236 2098 13571 183
internal_value=-1.30798e-05 -0.0027028 0.00612276 -0.00556754 0.00796677 0.00975256 -0.0232945
internal_weight=7877.59 5891.75 1443.77 4447.98 1985.84 1882.67 103.167
internal_count=72566 55986 12964 43022 16580 15669 911
cat_boundaries=0 27 53 80 106
cat_threshold=0 8192 25165840 1074266112 0 0 2 402653184 8388608 213000 0 0 0 0 128 0 16777216 0 0 0 1 2 8192 1413513248 29 1024 2 1048640 16777216 0 136314880 256 37748752 0 16777216 268730368 2097152 0 0 67712 2105344 4194304 1 1 0 2097152 0 0 0 1048576 2105344 33556512 33554432 66 0 65536 0 128 0 16 67108864 3342336 0 0 0 1130496 134225920 2147484832 1073758228 8388608 0 16777216 8388608 2621440 0 16777216 33554432 0 2048 4 0 524288 303333376 0 134217728 1073741824 0 0 536879232 2147503360 16 0 16 147456 33554432 0 0 131072 0 0 0 0 2147549184 4260000 1074823168 4194304
is_linear=0
shrinkage=0.0371952


Tree=44
num_leaves=8
num_cat=5
split_feature=5 8 11 11 11 15 68
split_gain=119.719 108.749 96.7825 74.919 69.7286 65.6091 9.60419
threshold=0 89959.000000000015 1 2 3 4 0.26315154678412828
decision_type=9 2 9 9 9 9 2
left_child=1 2 -1 6 -3 -5 -2
right_child=3 4 -4 5 -6 -7 -8
leaf_value=0.022458188852178648 -0.025600761835510227 0.016156754510919566 -0.0017069528525431707 -0.013776970064810356 -0.017280190843428425 0.011401734604642118 -0.0043099370770257319
leaf_weight=231.32429762929678 98.189924471080303 89.884608056396246 4568.1552038528025 148.57175448536873 875.78091673925519 1821.991138972342 41.826470941305161
leaf_count=2054 818 949 44264 1133 10101 12931 316
internal_value=-1.00696e-05 -0.0027854 -0.000498702 0.00754813 -0.0141785 0.00944297 -0.0179637
internal_weight=7875.72 5765.15 4799.48 2110.58 965.666 1970.56 140.016
internal_count=72566 57368 46318 15198 11050 14064 1134
cat_boundaries=0 1 27 53 79 96
cat_threshold=268455935 0 2147500032 268566528 256 0 20 64 0 268435456 10 0 0 0 16777216 0 33554432 16777216 131088 337723392 0 2 0 2148597760 2105344 1174405120 33554432 4096 512 2228224 512 0 8405312 0 1048576 33554432 256 0 0 1048584 0 0 67108864 0 131072 536870912 134217730 622592 0 0 540672 69888 20480 2359296 0 280592 524800 0 128 512 0 8421376 721444992 0 0 0 0 0 0 0 0 32 134217728 524288 0 0 6307840 2064 1024 16777216 1056 524577 8388608 0 8192 1073744896 1073741824 48 8768 32768 2 8192 2148007936 17 8388676 4980736
is_linear=0
shrinkage=0.0371952


Tree=45
num_leaves=8
num_cat=3
split_feature=10 11 31 11 68 68 68
split_gain=117.928 109.38 87.9696 83.3012 49.2446 29.4816 23.3901
threshold=0 1 5.5000000000000009 2 0.22499742190478486 0.45399885766793457 0.21817818187928775
decision_type=9 9 10 9 2 2 2
left_child=3 5 -3 6 -5 -2 -1
right_child=1 2 -4 4 -6 -7 -8
leaf_value=0.0096018050774159258 0.019636138021094068 -0.00050024665776270073 0.013890767526971014 -0.012237499877880042 -0.00024328655186660913 0.083944578937480252 0.039996570516553059
leaf_weight=103.08406245335937 427.47087700292468 4328.6693590581417 679.89799059927464 1597.8177124001086 673.06415288150311 10.036029696464537 53.040957432240248
leaf_count=969 3499 39853 5537 16271 5927 74 436
internal_value=-1.01631e-05 0.00302836 0.00145055 -0.00681278 -0.00864461 0.0206522 0.0187412
internal_weight=7873.08 5446.07 5008.57 2427.01 2270.88 437.507 156.125
internal_count=72566 48963 45390 23603 22198 3573 1405
cat_boundaries=0 1 27 54
cat_threshold=8275 524304 2148007936 16 0 0 2097156 0 0 276856832 2148353 72 0 0 268959744 256 0 16777233 0 0 0 0 0 196608 2105376 1073743872 1073741824 131072 0 1 2048 0 262144 65536 1073741824 8192 13041704 0 0 557056 67141632 0 536870913 131072 0 65536 0 0 0 1048576 144703488 24 33554560 2
is_linear=0
shrinkage=0.0371952


Tree=46
num_leaves=8
num_cat=3
split_feature=2 16 15 8 11 15 21
split_gain=113.969 99.9549 100.082 88.7819 55.6338 44.6461 22.693
threshold=7.8900000000000015 2.5000000000000004 0 61607.500000000007 1 2 56.95000000000001
decision_type=2 2 9 2 9 9 10
left_child=4 3 -3 -2 6 -6 -1
right_child=1 2 -4 -5 5 -7 -8
leaf_value=0.011408667591840284 0.0036492935855420589 -0.020902559783190142 0.021631419101762195 -0.0053605345341904819 0.011357587515181488 -0.018414004084801518 0.073242268463929047
leaf_weight=63.991396643221378 3935.2853942513466 82.790483005344868 530.70797435194254 2458.1809474229813 73.734714329242706 717.62231079488993 9.3605449013411981
leaf_count=744 31810 696 4425 23422 902 10458 109
internal_value=-1.09127e-05 0.00156135 0.0159017 0.000185138 -0.0127506 -0.0155322 0.0170392
internal_weight=7871.67 7006.96 613.498 6393.47 864.709 791.357 73.3519
internal_count=72566 60353 5121 55232 12213 11360 853
cat_boundaries=0 18 44 61
cat_threshold=2147483648 257 4194304 0 10 68160 100679680 1073741824 576 8519936 8650752 0 512 675282944 1 296960 100663296 2 4325632 2048 268566560 2176 0 4096 0 1075838976 512 8388616 0 0 0 33554432 64 33554432 2048 131072 0 0 0 8192 0 67108912 402654228 1077936128 1076363264 128 524288 2147811328 4194328 4096 67108864 1611137024 128 16 3556900864 8388608 147712 0 0 0 277872640
is_linear=0
shrinkage=0.0371952


Tree=47
num_leaves=8
num_cat=7
split_feature=10 11 15 15 11 15 12
split_gain=109.053 101.838 109.184 87.8316 77.2062 72.9316 27.9823
threshold=0 1 2 3 4 5 6
decision_type=9 9 9 9 9 9 9
left_child=3 5 -3 6 -5 -2 -1
right_child=1 2 -4 4 -6 -7 -8
leaf_value=-0.0041508110452361221 -0.018923856095501703 0.01706877020761197 -0.00044255829340718761 0.018842879511529811 -0.01046634679508639 0.027162586930051677 0.025721843458438906
leaf_weight=64.435004808008671 50.447064965963364 542.78497273474932 4521.5721293054521 124.13026094436646 2086.9539352692664 341.99362513050437 137.07901015877724
leaf_count=614 419 4619 41145 1113 20617 2780 1259
internal_value=-1.2083e-05 0.00289904 0.00146439 -0.0065811 -0.00874296 0.0209131 0.0164267
internal_weight=7869.4 5456.8 5064.36 2412.6 2211.08 392.441 201.514
internal_count=72566 48963 45764 23603 21730 3199 1873
cat_boundaries=0 1 27 45 58 84 102 104
cat_threshold=8275 524304 2148007936 16 0 0 2097156 0 0 276824320 2148353 72 0 2048 268959744 256 0 16777233 0 0 0 0 0 196608 2105344 1073743872 1073741824 0 33554496 24576 2147483648 16 16512 276955136 16384 256 3182752 301990144 67108864 65824 8192 8 4194304 537919488 256 2281701376 642 2375688 524544 2097192 16 512 270532608 256 131344 101715968 32 1025 196608 0 0 1073741824 0 262144 0 0 0 12976160 0 0 4788224 67141632 0 536870912 0 139264 0 0 0 0 2148597760 145260544 24 128 0 0 532480 285212672 0 0 805339136 0 386 33792 277348352 4 66688 2315255808 2 524288 570425344 33 147914852 23685
is_linear=0
shrinkage=0.0371952


Tree=48
num_leaves=8
num_cat=2
split_feature=33 68 16 15 15 39 17
split_gain=108.928 102.433 95.5858 90.4476 27.5708 21.5772 16.6324
threshold=87.500000000000014 0.30616619418113838 1.5000000000000002 0 1 3.5000000000000004 60.500000000000007
decision_type=8 2 2 9 9 10 8
left_child=4 2 -2 -3 6 -6 -1
right_child=1 3 -4 -5 5 -7 -8
leaf_value=0.03324865484905544 -0.005324157741538757 0.032645782366601227 0.0053160177315051847 0.0046031146935449508 0.028790748324987524 0.0044916652820577944 0.080556932304506113
leaf_weight=17.480081424117088 4797.4600560031831 178.24697864800692 1543.9256389737129 1103.1265054531395 100.07075034454465 102.18211357668042 25.448083400726318
leaf_count=124 46455 1378 13737 9152 753 776 191
internal_value=-1.03646e-05 -0.000795366 -0.00273358 0.00879625 0.0243889 0.0157421 0.0497952
internal_weight=7867.94 7622.76 6341.39 1281.37 245.181 202.253 42.9282
internal_count=72566 70722 60192 10530 1844 1529 315
cat_boundaries=0 18 36
cat_threshold=0 704 4325376 2281701376 1073741834 131072 2097152 0 321 1183904 301989888 4 67584 1342177280 0 6291456 100663296 2 0 264 40960 1744830464 2 17408 6291456 0 2 0 0 0 6144 0 0 229376 2684354560 129
is_linear=0
shrinkage=0.0371952


Tree=49
num_leaves=8
num_cat=3
split_feature=10 8 2 2 68 12 12
split_gain=107.127 116.835 88.2017 40.7113 20.7583 18.962 14.3727
threshold=0 43290.500000000007 8.6100000000000012 16.075000000000003 0.14285398452116357 1 2
decision_type=9 2 2 2 2 9 9
left_child=4 3 -3 -2 6 -6 -1
right_child=1 2 -4 -5 5 -7 -8
leaf_value=-0.011046871586661943 0.0036608899161322097 -0.015504174717430347 -0.0020005533111786262 0.016786947355621723 0.0092023123946085635 0.040212275871244624 0.017420709051356578
leaf_weight=28.821189224720001 2162.3362667560577 794.15068957954645 4251.1468861922622 385.07849857956171 65.215691186487675 104.94795484468341 74.644035067409277
leaf_count=260 18566 11634 37558 2476 539 863 670
internal_value=-9.23573e-06 -0.000846623 -0.00412627 0.00564549 0.0224324 0.031239 0.010104
internal_weight=7866.34 7592.71 5045.3 2547.41 273.629 170.164 103.465
internal_count=72566 70234 49192 21042 2332 1402 930
cat_boundaries=0 1 3 5
cat_threshold=2048 201457720 39092 13893666 50341
is_linear=0
shrinkage=0.0371952


Tree=50
num_leaves=8
num_cat=3
split_feature=31 11 8 15 11 37 71
split_gain=106.189 99.0174 91.4769 79.3492 82.7971 18.1627 16.5457
threshold=5.5000000000000009 0 50712.000000000007 1 2 98.500000000000014 inf
decision_type=10 9 2 9 9 8 8
left_child=1 6 -3 5 -5 -2 -1
right_child=3 2 -4 4 -6 -7 -8
leaf_value=0.02256974902795026 0.063095313718752807 0.0021630604404497366 -0.0065911923054801716 0.035585325436514686 0.0019951462992521146 0.030704229091578938 0.067315730128432866
leaf_weight=176.13079994544387 29.569555122405291 3117.9596119970083 3510.6900485008955 107.33388939127326 782.33607143908739 127.23077730834484 12.18485978618264
leaf_count=1426 226 26677 35820 833 6503 990 91
internal_value=-7.18354e-06 -0.00170073 -0.00246969 0.0110244 0.0064005 0.0346298 0.0242035
internal_weight=7863.44 6816.97 6628.65 1046.47 889.67 156.8 188.316
internal_count=72566 64014 62497 8552 7336 1216 1517
cat_boundaries=0 26 44 70
cat_threshold=32 2147483648 0 0 0 33554448 0 0 276824064 2164260896 8 128 2048 16809984 0 1 50331649 0 270598144 4608 2 1024 0 2097152 2048 33555456 0 72 270336 0 3 20512 2228224 3221225472 194 3694720 1358954496 0 656640 16777216 1 0 0 128 1572864 536879104 33554432 1073741828 0 1073741952 1024 524288 0 35328 0 0 4194304 0 117440512 2147483648 2147483648 0 32 0 512 0 10240 268435488 1174405120 64
is_linear=0
shrinkage=0.0371952


Tree=51
num_leaves=8
num_cat=4
split_feature=5 11 8 11 11 33 68
split_gain=101.825 97.5725 82.281 69.8848 56.5056 9.56875 9.39221
threshold=0 1 89959.000000000015 2 3 4247.5000000000009 0.26315154678412828
decision_type=9 9 2 9 9 8 2
left_child=1 5 -3 6 -5 -1 -2
right_child=3 2 -4 4 -6 -7 -8
leaf_value=-0.0097671375993762365 -0.025455448627238 0.00093019572095825174 -0.011790846124637972 0.025804519700113979 0.0063740162022654775 -0.021811018518526192 -0.0047019104548538613
leaf_weight=122.2813881970942 96.265552431344986 4411.2899836972356 836.82430461421609 229.65421994030476 1759.3106943666935 361.85991786047816 43.984615944325924
leaf_count=1160 822 42311 9740 1495 12551 4157 330
internal_value=-6.19014e-06 -0.00258663 -0.00109623 0.00692035 0.00873622 -0.0183911 -0.0176917
internal_weight=7861.47 5732.26 5248.11 2129.22 1988.96 484.141 140.25
internal_count=72566 57368 52051 15198 14046 5317 1152
cat_boundaries=0 1 27 54 80
cat_threshold=268455935 16384 134479872 2162688 2181038080 1048576 3221798944 8 33554433 65600 64 0 131072 4 0 32 0 0 1048576 64 655360 2097152 16 32 0 65536 524288 4096 512 2228224 2147484160 0 8405312 0 1048576 33554432 258 0 0 8 0 0 67108864 0 131072 536870912 2 622592 0 0 540672 69888 20480 8 1048576 536870912 33554464 1 0 2621440 0 4194304 8192 14715904 0 0 0 270548992 33554432 0 2147483648 1 0 0 0 0 4128 543326208 0 2097216
is_linear=0
shrinkage=0.0371952


Tree=52
num_leaves=8
num_cat=4
split_feature=2 11 33 15 11 15 8
split_gain=99.6886 92.9028 87.2835 61.1226 54.8377 46.0841 14.7924
threshold=7.5000000000000009 0 87.500000000000014 1 2 3 77002.000000000015
decision_type=2 9 8 9 9 9 2
left_child=3 5 -3 6 -5 -2 -1
right_child=1 2 -4 4 -6 -7 -8
leaf_value=0.029648127978977104 0.016494204371869384 0.024073402407015568 0.0013062576152162299 0.018023752307400859 -0.022788817871636873 -0.023663662774529023 -0.010802911576509904
leaf_weight=51.264935851097107 41.33828692138195 241.27300981432199 6712.229569349438 45.541910376399755 472.4243289232254 278.08158295229077 16.494790628552437
leaf_count=594 404 1764 59027 593 7099 2836 249
internal_value=-5.45849e-06 0.00118344 0.00209345 -0.0147665 -0.0189251 -0.0181212 0.0172555
internal_weight=7858.65 7272.92 6953.5 585.726 517.966 319.42 67.7597
internal_count=72566 64031 60791 8535 7692 3240 843
cat_boundaries=0 26 44 70 87
cat_threshold=0 2048 2162688 2181038080 1048576 16793856 16384 1 2147483712 0 0 131072 4 33554432 32 16384 8192 524288 536870976 8 2195456 64 0 16384 2162688 67108864 1075838976 4 540672 1207959552 20971536 4736 142614528 1080033280 64 4112 2149711872 0 131072 1048576 0 2 1082130432 64 2048 0 268435456 538968192 134217728 16 4096 2159017984 524800 25165858 0 0 0 33554432 0 33554432 0 0 0 0 0 0 16777216 4194320 436208133 33554432 2147483648 260 2162688 16777216 10 17408 16777216 2214592512 2 2114048 2231369728 0 68224 0 0 263424 536870912
is_linear=0
shrinkage=0.0371952


Tree=53
num_leaves=8
num_cat=5
split_feature=10 31 11 11 15 15 70
split_gain=98.8972 101.552 100.024 78.2691 47.9297 30.7255 7.55361
threshold=0 4.5000000000000009 1 2 3 4 0.36435786435786438
decision_type=9 10 9 9 9 9 2
left_child=4 2 -2 -3 6 -6 -1
right_child=1 3 -4 -5 5 -7 -8
leaf_value=0.042122293614641919 0.02474190000182 -0.025804199361154873 -0.0037855417230309649 0.0098102286637170803 -0.012019461008292496 0.019817573330803112 0.073355554843056614
leaf_weight=16.35952004045248 165.24290967732668 81.729760639369488 5896.8173371478915 1435.8305561989546 49.283726841211319 178.45747197791934 33.167051237076521
leaf_count=138 1385 716 56310 11823 420 1506 268
internal_value=-6.95736e-06 -0.000817869 -0.00297308 0.0077857 0.0214128 0.0127106 0.0525207
internal_weight=7856.89 7579.62 6062.06 1517.56 277.268 227.741 49.5266
internal_count=72566 70234 57695 12539 2332 1926 406
cat_boundaries=0 1 27 54 72 90
cat_threshold=2048 32 32768 0 0 524288 20 8388608 0 268435456 2147483648 8 0 536903680 32768 256 1 50331665 0 2162688 0 2 1024 0 2105856 268445696 33563648 262656 142606336 0 2181038080 134217728 8929296 8 335609856 0 524288 0 0 0 0 0 1073741824 0 0 4352 0 557056 524288 0 33554432 2147493888 8389120 2 0 76 608256 4060086272 0 6144 36438016 536870912 1 32768 1342177280 0 128 71303168 0 4096 0 66 0 2 5252096 75497472 8 1024 142606336 134217728 2 671744 2147483648 0 5124 1660944384 2 581632 1073741824 48
is_linear=0
shrinkage=0.0371952


Tree=54
num_leaves=8
num_cat=4
split_feature=16 15 68 11 15 11 21
split_gain=97.4203 95.0713 92.4422 87.8812 84.6532 72.4563 4.82906
threshold=2.5000000000000004 0 0.26315154678412828 1 2 3 16.950000000000003
decision_type=2 9 2 9 9 9 10
left_child=2 6 3 -1 -4 -3 -2
right_child=1 5 4 -5 -6 -7 -8
leaf_value=0.01954085707950981 -0.0039664081121131836 -0.018955414743994717 0.02579717036471002 -0.004768206427874633 0.0026508089944554079 0.022669934789355237 -0.030895085885192082
leaf_weight=204.86147573962808 10.750691413879393 59.443275839090347 243.525993257761 5087.8364844955504 1641.8802741244435 541.97942788153887 65.431326203048229
leaf_count=1799 118 530 1864 49363 13658 4653 581
internal_value=-7.14952e-06 0.0134735 -0.00127983 -0.00379913 0.0057922 0.0183114 -0.0239601
internal_weight=7855.71 677.605 7178.1 5292.7 1885.41 601.423 76.182
internal_count=72566 5882 66684 51162 15522 5183 699
cat_boundaries=0 18 44 61 87
cat_threshold=2147483648 1 4194560 0 1073741832 67650 100679680 0 576 33088 8650752 2147483648 0 675807232 1 264256 100663296 2 0 8192 0 134217728 524288 33554448 16 536870912 281018376 2130434 64 0 67584 532480 128 4194305 1 0 2097152 0 0 0 17825792 2097152 2048 33554432 134217728 706 4202496 134217728 1073741834 135296 268435968 0 320 1183744 268435456 8 66048 0 4 6292480 637534208 2101250 1056768 2048 0 134217728 8445984 0 0 262144 34304 0 0 1064960 0 0 0 0 0 0 134873088 524288 0 16384 0 65600 512
is_linear=0
shrinkage=0.0371952


Tree=55
num_leaves=8
num_cat=4
split_feature=10 15 15 16 68 12 33
split_gain=96.1217 91.499 84.4515 78.7966 46.7746 30.6203 23.4143
threshold=0 1 2 1.5000000000000002 0.21817818187928775 3 402.50000000000006
decision_type=9 9 9 2 2 9 8
left_child=2 6 5 -3 -4 -1 -2
right_child=1 3 4 -5 -6 -7 -8
leaf_value=-0.0050023906004982759 0.041344912250612174 -0.0015441748739013425 -0.012157727675025853 0.0095175556715527427 -0.00050970464005921021 0.025908407898246694 0.014803792970581566
leaf_weight=65.136721353977919 50.597295485436916 3745.4915832281113 1481.1825376525521 1168.8880573473871 703.49227625504136 138.04367942363024 501.38623848557472
leaf_count=629 363 34430 15514 9821 6196 1264 4349
internal_value=-5.87286e-06 0.00271344 -0.00621628 0.00108474 -0.00836877 0.0162303 0.0169347
internal_weight=7854.22 5466.36 2387.86 4914.38 2184.67 203.18 551.984
internal_count=72566 48963 23603 44251 21710 1893 4712
cat_boundaries=0 1 18 31 33
cat_threshold=8275 0 33554496 24592 128 16 16512 8585216 2147500032 72 2101408 268443904 67108864 288 8192 0 4194304 680525824 2281701376 514 2375688 1573120 2097192 16 512 270532608 256 131344 101718016 33554464 1025 13697126 23701
is_linear=0
shrinkage=0.0371952


Tree=56
num_leaves=8
num_cat=5
split_feature=66 11 16 11 15 15 5
split_gain=94.5924 92.7598 87.3565 85.91 76.8798 38.0433 19.7289
threshold=11.429560160231324 0 1.5000000000000002 1 2 3 4
decision_type=2 9 2 9 9 9 9
left_child=1 5 -3 6 -5 -1 -2
right_child=3 2 -4 4 -6 -7 -8
leaf_value=0.012149207815319482 -0.0025388634881638996 0.00025440668377198352 0.010565775798746225 0.019984478828262309 -0.015528809995926041 -0.025067092786139996 0.034808292511585667
leaf_weight=42.621092118322849 33.29392210021615 4911.8075963966548 1478.8563865013421 84.906508535146713 1007.1107347793877 232.02437982708216 62.201158091425896
leaf_count=420 349 44831 12248 864 10926 2361 567
internal_value=-5.70414e-06 0.00171742 0.00263652 -0.00967687 -0.0126102 -0.0190661 0.0227866
internal_weight=7852.82 6665.31 6390.66 1187.51 1092.02 274.645 95.4951
internal_count=72566 59860 57079 12706 11790 2781 916
cat_boundaries=0 26 52 70 88 89
cat_threshold=2097152 65536 2097152 2181038080 5242880 2164293632 16384 1 2148008000 0 2 0 0 0 0 1073758208 0 524288 553648448 134217728 2129920 0 0 17408 2097152 1179648 2097216 0 22298624 524288 0 0 516 0 8421896 171999360 8 0 0 49152 0 0 0 0 0 134217728 0 0 65536 75530240 0 3145728 136314880 18 262144 2147516416 134217728 0 905969664 0 64 524304 2954373120 1 16416 0 1073741832 524304 536870912 96 0 580 1703936 0 2 1024 287834112 335544320 0 99328 2281701376 0 65792 0 1 41984 620756992 32 288917
is_linear=0
shrinkage=0.0371952


end of trees

feature_importances:
zip_code=116
earliest_cr_line=84
int_rate=55
annual_inc=39
loan_to_inc_ratio=17
sub_grade=16
purpose=16
acc_open_past_24mths=11
log_annual_inc=10
inq_last_6mths=8
bc_open_to_buy=7
addr_state=5
revol_util=4
open_acc_ratio=3
loan_amnt=2
installment=1
dti=1
mths_since_last_delinq=1
mo_sin_old_il_acct=1
mo_sin_rcnt_rev_tl_op=1
emp_length_num=1

parameters:
[boosting: gbdt]
[objective: binary]
[metric: auc]
[tree_learner: serial]
[device_type: cpu]
[data_sample_strategy: bagging]
[data: ]
[valid: ]
[num_iterations: 1500]
[learning_rate: 0.0371952]
[num_leaves: 8]
[num_threads: 20]
[seed: 42]
[deterministic: 0]
[force_col_wise: 0]
[force_row_wise: 0]
[histogram_pool_size: -1]
[max_depth: 3]
[min_data_in_leaf: 50]
[min_sum_hessian_in_leaf: 0.001]
[bagging_fraction: 1]
[pos_bagging_fraction: 1]
[neg_bagging_fraction: 1]
[bagging_freq: 0]
[bagging_seed: 400]
[bagging_by_query: 0]
[feature_fraction: 0.85]
[feature_fraction_bynode: 1]
[feature_fraction_seed: 30056]
[extra_trees: 0]
[extra_seed: 12879]
[early_stopping_round: 0]
[early_stopping_min_delta: 0]
[first_metric_only: 0]
[max_delta_step: 0]
[lambda_l1: 0.00118283]
[lambda_l2: 0.0674578]
[linear_lambda: 0]
[min_gain_to_split: 0]
[drop_rate: 0.1]
[max_drop: 50]
[skip_drop: 0.5]
[xgboost_dart_mode: 0]
[uniform_drop: 0]
[drop_seed: 17869]
[top_rate: 0.2]
[other_rate: 0.1]
[min_data_per_group: 100]
[max_cat_threshold: 32]
[cat_l2: 10]
[cat_smooth: 10]
[max_cat_to_onehot: 4]
[top_k: 20]
[monotone_constraints: ]
[monotone_constraints_method: basic]
[monotone_penalty: 0]
[feature_contri: ]
[forcedsplits_filename: ]
[refit_decay_rate: 0.9]
[cegb_tradeoff: 1]
[cegb_penalty_split: 0]
[cegb_penalty_feature_lazy: ]
[cegb_penalty_feature_coupled: ]
[path_smooth: 0]
[interaction_constraints: ]
[verbosity: 1]
[saved_feature_importance_type: 0]
[use_quantized_grad: 0]
[num_grad_quant_bins: 4]
[quant_train_renew_leaf: 0]
[stochastic_rounding: 1]
[linear_tree: 0]
[max_bin: 255]
[max_bin_by_feature: ]
[min_data_in_bin: 3]
[bin_construct_sample_cnt: 200000]
[data_random_seed: 175]
[is_enable_sparse: 1]
[enable_bundle: 1]
[use_missing: 1]
[zero_as_missing: 0]
[feature_pre_filter: 1]
[pre_partition: 0]
[two_round: 0]
[header: 0]
[label_column: ]
[weight_column: ]
[group_column: ]
[ignore_column: ]
[categorical_feature: 1,4,5,6,7,9,10,11,12,15,23,26]
[forcedbins_filename: ]
[precise_float_parser: 0]
[parser_config_file: ]
[objective_seed: 16083]
[num_class: 1]
[is_unbalance: 0]
[scale_pos_weight: 1]
[sigmoid: 1]
[boost_from_average: 1]
[reg_sqrt: 0]
[alpha: 0.9]
[fair_c: 1]
[poisson_max_delta_step: 0.7]
[tweedie_variance_power: 1.5]
[lambdarank_truncation_level: 30]
[lambdarank_norm: 1]
[label_gain: ]
[lambdarank_position_bias_regularization: 0]
[eval_at: ]
[multi_error_top_k: 1]
[auc_mu_weights: ]
[num_machines: 1]
[local_listen_port: 12400]
[time_out: 120]
[machine_list_filename: ]
[machines: ]
[gpu_platform_id: -1]
[gpu_device_id: -1]
[gpu_device_id_list: ]
[gpu_use_dp: 0]
[num_gpu: 1]

end of parameters

pandas_categorical:[["36 months"], ["A", "B", "C", "D", "E", "F", "G"], ["A1", "A2", "A3", "A4", "A5", "B1", "B2", "B3", "B4", "B5", "C1", "C2", "C3", "C4", "C5", "D1", "D2", "D3", "D4", "D5", "E1", "E2", "E3", "E4", "E5", "F1", "F2", "F3", "F4", "F5", "G1", "G2", "G3", "G4", "G5"], ["1 year", "10+ years", "2 years", "3 years", "4 years", "5 years", "6 years", "7 years", "8 years", "9 years", "< 1 year"], ["MORTGAGE", "NONE", "OTHER", "OWN", "RENT"], ["Not Verified", "Source Verified", "Verified"], ["car", "credit_card", "debt_consolidation", "educational", "home_improvement", "house", "major_purchase", "medical", "moving", "other", "renewable_energy", "small_business", "vacation", "wedding"], ["007xx", "010xx", "011xx", "012xx", "013xx", "014xx", "015xx", "016xx", "017xx", "018xx", "019xx", "020xx", "021xx", "022xx", "023xx", "024xx", "025xx", "026xx", "027xx", "028xx", "029xx", "030xx", "031xx", "032xx", "033xx", "034xx", "035xx", "036xx", "037xx", "038xx", "040xx", "041xx", "044xx", "050xx", "051xx", "052xx", "053xx", "054xx", "056xx", "057xx", "058xx", "060xx", "061xx", "062xx", "063xx", "064xx", "065xx", "066xx", "067xx", "068xx", "069xx", "070xx", "071xx", "072xx", "073xx", "074xx", "075xx", "076xx", "077xx", "078xx", "079xx", "080xx", "081xx", "082xx", "083xx", "084xx", "085xx", "086xx", "087xx", "088xx", "089xx", "090xx", "093xx", "094xx", "096xx", "100xx", "101xx", "102xx", "103xx", "104xx", "105xx", "106xx", "107xx", "108xx", "109xx", "110xx", "111xx", "112xx", "113xx", "114xx", "115xx", "116xx", "117xx", "118xx", "119xx", "120xx", "121xx", "122xx", "123xx", "124xx", "125xx", "126xx", "127xx", "128xx", "129xx", "130xx", "131xx", "132xx", "133xx", "134xx", "135xx", "136xx", "137xx", "138xx", "139xx", "140xx", "141xx", "142xx", "143xx", "144xx", "145xx", "146xx", "147xx", "148xx", "149xx", "150xx", "151xx", "152xx", "153xx", "154xx", "155xx", "156xx", "157xx", "158xx", "159xx", "160xx", "161xx", "162xx", "163xx", "164xx", "165xx", "166xx", "167xx", "168xx", "169xx", "170xx", "171xx", "172xx", "173xx", "174xx", "175xx", "176xx", "177xx", "178xx", "179xx", "180xx", "181xx", "182xx", "183xx", "184xx", "185xx", "186xx", "187xx", "188xx", "189xx", "190xx", "191xx", "193xx", "194xx", "195xx", "196xx", "197xx", "198xx", "199xx", "200xx", "201xx", "203xx", "206xx", "207xx", "208xx", "209xx", "210xx", "211xx", "212xx", "214xx", "215xx", "216xx", "217xx", "218xx", "219xx", "220xx", "221xx", "222xx", "223xx", "224xx", "225xx", "226xx", "227xx", "228xx", "229xx", "230xx", "231xx", "232xx", "233xx", "234xx", "235xx", "236xx", "237xx", "238xx", "239xx", "240xx", "241xx", "242xx", "243xx", "244xx", "245xx", "246xx", "247xx", "248xx", "249xx", "250xx", "251xx", "252xx", "253xx", "254xx", "255xx", "256xx", "257xx", "258xx", "259xx", "260xx", "261xx", "262xx", "263xx", "264xx", "265xx", "266xx", "267xx", "268xx", "270xx", "271xx", "272xx", "273xx", "274xx", "275xx", "276xx", "277xx", "278xx", "279xx", "280xx", "281xx", "282xx", "283xx", "284xx", "285xx", "286xx", "287xx", "288xx", "289xx", "290xx", "291xx", "292xx", "293xx", "294xx", "295xx", "296xx", "297xx", "298xx", "299xx", "300xx", "301xx", "302xx", "303xx", "304xx", "305xx", "306xx", "307xx", "308xx", "309xx", "310xx", "312xx", "313xx", "314xx", "315xx", "316xx", "317xx", "318xx", "319xx", "320xx", "321xx", "322xx", "323xx", "324xx", "325xx", "326xx", "327xx", "328xx", "329xx", "330xx", "331xx", "332xx", "333xx", "334xx", "335xx", "336xx", "337xx", "338xx", "339xx", "340xx", "341xx", "342xx", "344xx", "346xx", "347xx", "349xx", "350xx", "351xx", "352xx", "353xx", "354xx", "355xx", "356xx", "357xx", "358xx", "359xx", "360xx", "361xx", "362xx", "363xx", "364xx", "365xx", "366xx", "367xx", "368xx", "369xx", "370xx", "371xx", "372xx", "373xx", "374xx", "375xx", "376xx", "378xx", "379xx", "380xx", "381xx", "383xx", "384xx", "385xx", "386xx", "388xx", "390xx", "391xx", "392xx", "394xx", "395xx", "396xx", "397xx", "398xx", "400xx", "401xx", "402xx", "403xx", "404xx", "405xx", "406xx", "407xx", "408xx", "409xx", "410xx", "411xx", "412xx", "413xx", "414xx", "415xx", "416xx", "417xx", "418xx", "420xx", "421xx", "422xx", "423xx", "424xx", "425xx", "426xx", "427xx", "430xx", "431xx", "432xx", "433xx", "434xx", "435xx", "436xx", "437xx", "438xx", "439xx", "440xx", "441xx", "442xx", "443xx", "444xx", "445xx", "446xx", "447xx", "448xx", "449xx", "450xx", "451xx", "452xx", "453xx", "454xx", "455xx", "456xx", "457xx", "458xx", "460xx", "461xx", "462xx", "463xx", "465xx", "466xx", "468xx", "469xx", "471xx", "473xx", "474xx", "477xx", "478xx", "479xx", "480xx", "481xx", "482xx", "483xx", "484xx", "485xx", "486xx", "487xx", "488xx", "489xx", "490xx", "491xx", "492xx", "493xx", "494xx", "495xx", "496xx", "497xx", "498xx", "499xx", "522xx", "523xx", "527xx", "528xx", "530xx", "531xx", "532xx", "534xx", "535xx", "537xx", "538xx", "539xx", "540xx", "541xx", "542xx", "543xx", "544xx", "545xx", "546xx", "547xx", "548xx", "549xx", "550xx", "551xx", "553xx", "554xx", "556xx", "557xx", "558xx", "559xx", "560xx", "561xx", "562xx", "563xx", "564xx", "565xx", "566xx", "567xx", "570xx", "571xx", "572xx", "573xx", "574xx", "575xx", "576xx", "577xx", "590xx", "591xx", "592xx", "593xx", "594xx", "595xx", "596xx", "597xx", "598xx", "599xx", "600xx", "601xx", "602xx", "603xx", "604xx", "605xx", "606xx", "607xx", "608xx", "609xx", "610xx", "611xx", "612xx", "613xx", "614xx", "615xx", "616xx", "617xx", "618xx", "619xx", "620xx", "622xx", "623xx", "624xx", "625xx", "626xx", "627xx", "628xx", "629xx", "630xx", "631xx", "633xx", "634xx", "635xx", "636xx", "637xx", "638xx", "639xx", "640xx", "641xx", "644xx", "645xx", "646xx", "647xx", "648xx", "650xx", "651xx", "652xx", "653xx", "654xx", "655xx", "656xx", "657xx", "658xx", "660xx", "661xx", "662xx", "664xx", "665xx", "666xx", "667xx", "668xx", "669xx", "670xx", "671xx", "672xx", "673xx", "674xx", "675xx", "676xx", "677xx", "678xx", "679xx", "681xx", "685xx", "689xx", "700xx", "701xx", "703xx", "704xx", "705xx", "706xx", "707xx", "708xx", "710xx", "711xx", "712xx", "713xx", "714xx", "716xx", "717xx", "718xx", "719xx", "720xx", "721xx", "722xx", "723xx", "724xx", "725xx", "726xx", "727xx", "728xx", "729xx", "730xx", "731xx", "734xx", "735xx", "736xx", "737xx", "738xx", "739xx", "740xx", "741xx", "743xx", "744xx", "745xx", "746xx", "747xx", "748xx", "749xx", "750xx", "751xx", "752xx", "753xx", "754xx", "755xx", "756xx", "757xx", "758xx", "759xx", "760xx", "761xx", "762xx", "763xx", "764xx", "765xx", "766xx", "767xx", "768xx", "769xx", "770xx", "772xx", "773xx", "774xx", "775xx", "776xx", "777xx", "778xx", "779xx", "780xx", "781xx", "782xx", "783xx", "784xx", "785xx", "786xx", "787xx", "788xx", "789xx", "790xx", "791xx", "792xx", "793xx", "794xx", "795xx", "796xx", "797xx", "798xx", "799xx", "800xx", "801xx", "802xx", "803xx", "804xx", "805xx", "806xx", "807xx", "808xx", "809xx", "810xx", "811xx", "812xx", "813xx", "814xx", "815xx", "816xx", "820xx", "821xx", "822xx", "823xx", "824xx", "825xx", "826xx", "827xx", "828xx", "829xx", "830xx", "831xx", "833xx", "834xx", "836xx", "837xx", "838xx", "840xx", "841xx", "843xx", "844xx", "845xx", "846xx", "847xx", "850xx", "851xx", "852xx", "853xx", "855xx", "856xx", "857xx", "859xx", "860xx", "863xx", "864xx", "865xx", "870xx", "871xx", "873xx", "874xx", "875xx", "877xx", "878xx", "879xx", "880xx", "881xx", "882xx", "883xx", "884xx", "890xx", "891xx", "893xx", "894xx", "895xx", "897xx", "898xx", "900xx", "902xx", "903xx", "904xx", "905xx", "906xx", "907xx", "908xx", "910xx", "911xx", "912xx", "913xx", "914xx", "915xx", "916xx", "917xx", "918xx", "919xx", "920xx", "921xx", "922xx", "923xx", "924xx", "925xx", "926xx", "927xx", "928xx", "930xx", "931xx", "932xx", "933xx", "934xx", "935xx", "936xx", "937xx", "939xx", "940xx", "941xx", "943xx", "944xx", "945xx", "946xx", "947xx", "948xx", "949xx", "950xx", "951xx", "952xx", "953xx", "954xx", "955xx", "956xx", "957xx", "958xx", "959xx", "960xx", "961xx", "963xx", "965xx", "967xx", "968xx", "969xx", "970xx", "971xx", "972xx", "973xx", "974xx", "975xx", "976xx", "977xx", "978xx", "979xx", "980xx", "981xx", "982xx", "983xx", "984xx", "985xx", "986xx", "988xx", "989xx", "990xx", "991xx", "992xx", "993xx", "994xx", "995xx", "996xx", "997xx", "998xx", "999xx"], ["AK", "AL", "AR", "AZ", "CA", "CO", "CT", "DC", "DE", "FL", "GA", "HI", "IA", "ID", "IL", "IN", "KS", "KY", "LA", "MA", "MD", "ME", "MI", "MN", "MO", "MS", "MT", "NC", "NE", "NH", "NJ", "NM", "NV", "NY", "OH", "OK", "OR", "PA", "RI", "SC", "SD", "TN", "TX", "UT", "VA", "VT", "WA", "WI", "WV", "WY"], ["Apr-1964", "Apr-1966", "Apr-1967", "Apr-1969", "Apr-1970", "Apr-1971", "Apr-1972", "Apr-1973", "Apr-1974", "Apr-1975", "Apr-1976", "Apr-1977", "Apr-1978", "Apr-1979", "Apr-1980", "Apr-1981", "Apr-1982", "Apr-1983", "Apr-1984", "Apr-1985", "Apr-1986", "Apr-1987", "Apr-1988", "Apr-1989", "Apr-1990", "Apr-1991", "Apr-1992", "Apr-1993", "Apr-1994", "Apr-1995", "Apr-1996", "Apr-1997", "Apr-1998", "Apr-1999", "Apr-2000", "Apr-2001", "Apr-2002", "Apr-2003", "Apr-2004", "Apr-2005", "Apr-2006", "Apr-2007", "Apr-2008", "Apr-2009", "Aug-1962", "Aug-1965", "Aug-1967", "Aug-1968", "Aug-1969", "Aug-1970", "Aug-1971", "Aug-1972", "Aug-1973", "Aug-1974", "Aug-1975", "Aug-1976", "Aug-1977", "Aug-1978", "Aug-1979", "Aug-1980", "Aug-1981", "Aug-1982", "Aug-1983", "Aug-1984", "Aug-1985", "Aug-1986", "Aug-1987", "Aug-1988", "Aug-1989", "Aug-1990", "Aug-1991", "Aug-1992", "Aug-1993", "Aug-1994", "Aug-1995", "Aug-1996", "Aug-1997", "Aug-1998", "Aug-1999", "Aug-2000", "Aug-2001", "Aug-2002", "Aug-2003", "Aug-2004", "Aug-2005", "Aug-2006", "Aug-2007", "Aug-2008", "Aug-2009", "Dec-1960", "Dec-1963", "Dec-1965", "Dec-1966", "Dec-1967", "Dec-1968", "Dec-1969", "Dec-1970", "Dec-1971", "Dec-1972", "Dec-1973", "Dec-1974", "Dec-1975", "Dec-1976", "Dec-1977", "Dec-1978", "Dec-1979", "Dec-1980", "Dec-1981", "Dec-1982", "Dec-1983", "Dec-1984", "Dec-1985", "Dec-1986", "Dec-1987", "Dec-1988", "Dec-1989", "Dec-1990", "Dec-1991", "Dec-1992", "Dec-1993", "Dec-1994", "Dec-1995", "Dec-1996", "Dec-1997", "Dec-1998", "Dec-1999", "Dec-2000", "Dec-2001", "Dec-2002", "Dec-2003", "Dec-2004", "Dec-2005", "Dec-2006", "Dec-2007", "Dec-2008", "Feb-1964", "Feb-1965", "Feb-1967", "Feb-1968", "Feb-1969", "Feb-1970", "Feb-1971", "Feb-1972", "Feb-1973", "Feb-1974", "Feb-1975", "Feb-1976", "Feb-1977", "Feb-1978", "Feb-1979", "Feb-1980", "Feb-1981", "Feb-1982", "Feb-1983", "Feb-1984", "Feb-1985", "Feb-1986", "Feb-1987", "Feb-1988", "Feb-1989", "Feb-1990", "Feb-1991", "Feb-1992", "Feb-1993", "Feb-1994", "Feb-1995", "Feb-1996", "Feb-1997", "Feb-1998", "Feb-1999", "Feb-2000", "Feb-2001", "Feb-2002", "Feb-2003", "Feb-2004", "Feb-2005", "Feb-2006", "Feb-2007", "Feb-2008", "Feb-2009", "Jan-1946", "Jan-1963", "Jan-1968", "Jan-1969", "Jan-1970", "Jan-1971", "Jan-1972", "Jan-1973", "Jan-1974", "Jan-1975", "Jan-1976", "Jan-1977", "Jan-1978", "Jan-1979", "Jan-1980", "Jan-1981", "Jan-1982", "Jan-1983", "Jan-1984", "Jan-1985", "Jan-1986", "Jan-1987", "Jan-1988", "Jan-1989", "Jan-1990", "Jan-1991", "Jan-1992", "Jan-1993", "Jan-1994", "Jan-1995", "Jan-1996", "Jan-1997", "Jan-1998", "Jan-1999", "Jan-2000", "Jan-2001", "Jan-2002", "Jan-2003", "Jan-2004", "Jan-2005", "Jan-2006", "Jan-2007", "Jan-2008", "Jan-2009", "Jul-1965", "Jul-1966", "Jul-1967", "Jul-1970", "Jul-1971", "Jul-1972", "Jul-1973", "Jul-1974", "Jul-1975", "Jul-1976", "Jul-1977", "Jul-1978", "Jul-1979", "Jul-1980", "Jul-1981", "Jul-1982", "Jul-1983", "Jul-1984", "Jul-1985", "Jul-1986", "Jul-1987", "Jul-1988", "Jul-1989", "Jul-1990", "Jul-1991", "Jul-1992", "Jul-1993", "Jul-1994", "Jul-1995", "Jul-1996", "Jul-1997", "Jul-1998", "Jul-1999", "Jul-2000", "Jul-2001", "Jul-2002", "Jul-2003", "Jul-2004", "Jul-2005", "Jul-2006", "Jul-2007", "Jul-2008", "Jul-2009", "Jun-1959", "Jun-1965", "Jun-1966", "Jun-1967", "Jun-1968", "Jun-1969", "Jun-1970", "Jun-1971", "Jun-1972", "Jun-1973", "Jun-1974", "Jun-1975", "Jun-1976", "Jun-1977", "Jun-1978", "Jun-1979", "Jun-1980", "Jun-1981", "Jun-1982", "Jun-1983", "Jun-1984", "Jun-1985", "Jun-1986", "Jun-1987", "Jun-1988", "Jun-1989", "Jun-1990", "Jun-1991", "Jun-1992", "Jun-1993", "Jun-1994", "Jun-1995", "Jun-1996", "Jun-1997", "Jun-1998", "Jun-1999", "Jun-2000", "Jun-2001", "Jun-2002", "Jun-2003", "Jun-2004", "Jun-2005", "Jun-2006", "Jun-2007", "Jun-2008", "Jun-2009", "Mar-1963", "Mar-1964", "Mar-1966", "Mar-1967", "Mar-1968", "Mar-1969", "Mar-1970", "Mar-1971", "Mar-1972", "Mar-1973", "Mar-1974", "Mar-1975", "Mar-1976", "Mar-1977", "Mar-1978", "Mar-1979", "Mar-1980", "Mar-1981", "Mar-1982", "Mar-1983", "Mar-1984", "Mar-1985", "Mar-1986", "Mar-1987", "Mar-1988", "Mar-1989", "Mar-1990", "Mar-1991", "Mar-1992", "Mar-1993", "Mar-1994", "Mar-1995", "Mar-1996", "Mar-1997", "Mar-1998", "Mar-1999", "Mar-2000", "Mar-2001", "Mar-2002", "Mar-2003", "Mar-2004", "Mar-2005", "Mar-2006", "Mar-2007", "Mar-2008", "Mar-2009", "May-1962", "May-1963", "May-1966", "May-1967", "May-1968", "May-1969", "May-1970", "May-1971", "May-1972", "May-1973", "May-1974", "May-1975", "May-1976", "May-1977", "May-1978", "May-1979", "May-1980", "May-1981", "May-1982", "May-1983", "May-1984", "May-1985", "May-1986", "May-1987", "May-1988", "May-1989", "May-1990", "May-1991", "May-1992", "May-1993", "May-1994", "May-1995", "May-1996", "May-1997", "May-1998", "May-1999", "May-2000", "May-2001", "May-2002", "May-2003", "May-2004", "May-2005", "May-2006", "May-2007", "May-2008", "May-2009", "Nov-1954", "Nov-1958", "Nov-1960", "Nov-1961", "Nov-1962", "Nov-1965", "Nov-1966", "Nov-1967", "Nov-1968", "Nov-1969", "Nov-1970", "Nov-1971", "Nov-1972", "Nov-1973", "Nov-1974", "Nov-1975", "Nov-1976", "Nov-1977", "Nov-1978", "Nov-1979", "Nov-1980", "Nov-1981", "Nov-1982", "Nov-1983", "Nov-1984", "Nov-1985", "Nov-1986", "Nov-1987", "Nov-1988", "Nov-1989", "Nov-1990", "Nov-1991", "Nov-1992", "Nov-1993", "Nov-1994", "Nov-1995", "Nov-1996", "Nov-1997", "Nov-1998", "Nov-1999", "Nov-2000", "Nov-2001", "Nov-2002", "Nov-2003", "Nov-2004", "Nov-2005", "Nov-2006", "Nov-2007", "Nov-2008", "Nov-2009", "Oct-1954", "Oct-1958", "Oct-1960", "Oct-1962", "Oct-1963", "Oct-1964", "Oct-1965", "Oct-1967", "Oct-1968", "Oct-1969", "Oct-1970", "Oct-1971", "Oct-1972", "Oct-1973", "Oct-1974", "Oct-1975", "Oct-1976", "Oct-1977", "Oct-1978", "Oct-1979", "Oct-1980", "Oct-1981", "Oct-1982", "Oct-1983", "Oct-1984", "Oct-1985", "Oct-1986", "Oct-1987", "Oct-1988", "Oct-1989", "Oct-1990", "Oct-1991", "Oct-1992", "Oct-1993", "Oct-1994", "Oct-1995", "Oct-1996", "Oct-1997", "Oct-1998", "Oct-1999", "Oct-2000", "Oct-2001", "Oct-2002", "Oct-2003", "Oct-2004", "Oct-2005", "Oct-2006", "Oct-2007", "Oct-2008", "Oct-2009", "Sep-1956", "Sep-1962", "Sep-1963", "Sep-1964", "Sep-1965", "Sep-1966", "Sep-1967", "Sep-1968", "Sep-1969", "Sep-1970", "Sep-1971", "Sep-1972", "Sep-1973", "Sep-1974", "Sep-1975", "Sep-1976", "Sep-1977", "Sep-1978", "Sep-1979", "Sep-1980", "Sep-1981", "Sep-1982", "Sep-1983", "Sep-1984", "Sep-1985", "Sep-1986", "Sep-1987", "Sep-1988", "Sep-1989", "Sep-1990", "Sep-1991", "Sep-1992", "Sep-1993", "Sep-1994", "Sep-1995", "Sep-1996", "Sep-1997", "Sep-1998", "Sep-1999", "Sep-2000", "Sep-2001", "Sep-2002", "Sep-2003", "Sep-2004", "Sep-2005", "Sep-2006", "Sep-2007", "Sep-2008", "Sep-2009"], ["f", "w"], ["Individual"]]
