tree
version=v4
num_class=1
num_tree_per_iteration=1
label_index=0
max_feature_idx=71
objective=binary sigmoid:1
feature_names=loan_amnt term int_rate installment grade sub_grade emp_length home_ownership annual_inc verification_status purpose zip_code addr_state dti delinq_2yrs earliest_cr_line inq_last_6mths mths_since_last_delinq open_acc pub_rec revol_bal revol_util total_acc initial_list_status collections_12_mths_ex_med policy_code application_type acc_now_delinq tot_coll_amt tot_cur_bal total_rev_hi_lim acc_open_past_24mths avg_cur_bal bc_open_to_buy bc_util chargeoff_within_12_mths delinq_amnt mo_sin_old_il_acct mo_sin_old_rev_tl_op mo_sin_rcnt_rev_tl_op mo_sin_rcnt_tl mort_acc mths_since_recent_bc mths_since_recent_inq num_accts_ever_120_pd num_actv_bc_tl num_actv_rev_tl num_bc_sats num_bc_tl num_il_tl num_op_rev_tl num_rev_accts num_rev_tl_bal_gt_0 num_sats num_tl_120dpd_2m num_tl_30dpd num_tl_90g_dpd_24m num_tl_op_past_12m pct_tl_nvr_dlq percent_bc_gt_75 pub_rec_bankruptcies tax_liens tot_hi_cred_lim total_bal_ex_mort total_bc_limit total_il_high_credit_limit log_annual_inc log_loan_amnt loan_to_inc_ratio total_bal_to_inc_ratio open_acc_ratio emp_length_num
feature_infos=[500:35000] none [5.4199999999999999:24.890000000000001] [15.69:1388.45] -1:1:0:2:3:4:5 -1:7:3:8:9:4:6:10:11:5:2:1:0:15:12:13:16:14:17:18:19:20:21:22:23:24:25:26:28:27:29:30:31:34:33 -1:1:2:10:3:5:4:0:6:7:8:9 -1:4:0:3:2 [4000:7141778] -1:0:2:1 -1:2:1:9:4:6:11:0:13:7:8:12:5:3 -1:75:87:787:747:511:625:51:299:269:766:762:645:771:784:12:88:758:79:298:741:92:717:302:748:770:793:819:765:798:773:783:175:61:627:69:505:715:768:272:792:661:506:676:474:174:509:301:820:296:718:800:270:647:635:166:430:648:89:178:183:295:811:165:179:19:656:251:708:45:305:649:806:290:740:41:510:397:674:753:795:767:473:244:303:429:752:9:774:388:660:304:181:127:675:636:386:86:764:90:535:78:265:190:754:310:80:57:721:193:788:432:809:673:821:472:271:293:544:313:408:58:728:626:1:84:297:312:187:822:49:307:455:117:168:191:779:54:18:683:807:10:471:263:396:192:637:15:791:55:543:609:640:202:801:659:155:14:121:182:204:306:796:361:585:274:288:406:772:812:559:561:679:799:709:825:115:245:252:314:534:105:66:369:8:48:582:21:249:294:536:778:100:813:20:59:289:11:823:180:398:744:264:780:317:581:46:52:776:759:777:68:145:279:82:241:125:616:201:454:598:608:210:291:387:250:761:44:437:439:830:315:120:755:781:794:255:605:751:782:824:275:833:63:95:177:311:743:119:6:42:164:720:253:126:254:85:259:457:588:810:617:757:171:453:775:431:167:256:654:206:208:584:47:316:199:215:443:716:750:786:67:29:247:309:402:433:195:444:587:470:570:60:94:96:243:261:760:526:64:409:107:242:756:37:116:325:435:629:668:802:631:81:131:173:266:292:331:364:564:655:103:148:599:5:246:282:410:200:262:276:458:478:558:583:50:76:123:194:224:330:391:515:632:111:362:690:277:322:814:831:43:285:652:724:725:53:196:240:399:404:407:502:658:763:789:104:281:400:479:600:135:268:441:671:680:790:150:414:713:723:735:769:22:321:412:525:586:590:17:106:482:557:109:158:239:797:7:70:205:333:487:678:23:211:283:523:172:188:235:328:611:691:827:522:607:834:835:186:278:287:488:552:749:97:98:99:143:203:465:549:16:156:184:323:326:516:665:677:714:62:146:169:260:392:462:517:556:602:634:684:785:803:128:198:319:731:737:816:273:284:83:108:159:324:359:503:512:687:689:746:56:213:496:122:170:248:389:494:214:531:563:664:2:3:112:129:230:438:442:568:711:826:162:257:267:403:447:460:529:697:147:151:153:161:476:657:817:149:160:212:467:514:102:379:393:395:532:591:700:134:154:157:390:445:501:828:91:189:327:477:499:530:533:572:595:638:710:101:140:464:484:528:597:603:619:641:642:650:667:829:4:25:113:152:231:280:286:320:381:385:401:413:481:507:508:519:555:592:594:604:623:644:670:698:738:745:456:469:485:513:520:521:685:686:727:130:133:136:141:223:540:550:589:682:24:65:197:225:436:446:461:524:560:601:651:653:695:730:33:39:93:185:329:468:548:562:565:569:576:596:618:630:719:132:207:221:228:360:378:434:440:463:480:483:537:546:593:613:633:836:110:138:363:495:518:606:38:77:382:490:504:545:620:669:139:216:217:234:405:551:573:688:696:815:40:118:227:232:233:332 -1:4:33:42:9:30:14:37:44:10:19:34:27:20:46:3:22:5:6:23:24:32:36:1:39:18:47:17:16:35:2:43:11:31:38:29:7:48:0:26:8:49:40:45:15:25:41:13:12:28 [0:34.990000000000002] [0:18] -1:495:494:444:445:124:496:125:214:443:544:545:497:79:123:126:395:493:257:215:543:442:499:213:80:78:546:446:121:127:122:34:396:441:77:498:256:258:394:304:547:542:170:448:171:302:350:548:210:303:211:349:212:447:500:120:216:348:492:255:169:440:35:393:491:449:550:209:301:81:33:208:76:439:128:260:347:541:397:166:259:119:82:549:168:38:539:129:172:32:343:540:131:130:351:254:450:217:300:164:167:490:299:75:298:391:262:74:84:297:501:305:261:344:165:36:253:346:31:307:85:263:252:392:83:345:399:390:438:37:40:218:306:219:489:175:401:73:30:389:174:220:353:308:39:251:221:538:118:398:132:400:352:309:451:488:176:354:250:29:173:207:355:28:205:537:296:177:551:41:72:264:116:436:342:163:356:86:437:162:310:69:534:206:247:341:388:487:402:27:71:117:115:161:68:293:249:502:339:435:203:295:248:452:160:70:338:385:486:536:292:387:535:485:533:294:386:114:204:245:24:246:26:484:178:202:133:222:340:434:532:25:337:67:483:244:290:23:357:158:22:384:113:291:482:382:433:42:65:403:528:159:201:530:157:243:383:21:335:531:336:481:432:112:111:199:110:311:63:334:64:66:381:265:19:87:20:289:480:154:479:200:242:429:478:156:379:431:529:155:378:428:552:430:380:286:18:62:332:527:287:522:241:333:61:284:153:197:198:288:109:525:331:240:427:453:503:377:477:524:16:17:526:14:285:60:192:237:107:152:327:12:103:108:523:58:375:475:59:193:196:283:421:15:104:149:13:106:195:223:235:330:376:474:238:329:476:134:194:282:328:57:373:471:473:150:374:424:234:425:43:56:102:151:236:239:521:280:423:148:189:372:404:9:53:105:191:277:420:281:324:422:472:520:10:100:147:229:368:426:358:369:370:516:519 [0:8] [0:152] [1:49] [0:5] [0:975800] [0:104.40000000000001] [2:91] -1:0:1 [0:1] none none none [0:55009] [0:8000078] [0:988000] [0:33] [0:800008] [0:497445] [0:187.90000000000001] [0:3] none [1:421] [12:658] [0:178] [0:137] [0:24] [0:538] [0:24] [0:26] [0:30] [0:34] [0:32] [0:44] [0:57] [0:39] [0:55] [0:34] [1:46] [0:1] [0:1] [0:12] [0:25] [15:100] [0:100] [0:5] [0:5] [500:8592561] [0:994496] [0:522210] [0:902504] [8.2942996088572354:15.781472462944519] [6.2166061010848646:10.463131911491967] [0.00078947326869827962:0.8299585020748963] [0:16.387567184700636] [0.02564102564102564:1.5555555555555556] [0:10]
tree_sizes=5513 5688 5740 5609 5783 5826 5799 5803 5438 5628 5672 5700 5445 5564 5404 5556 5729 5547 5370 5451 5549 5248 5534 5557 5989 5494 5402 5249 5305 5424 5523

Tree=0
num_leaves=31
num_cat=21
split_feature=2 8 2 2 11 15 11 11 11 15 8 11 15 15 11 15 11 11 11 15 15 5 11 15 33 15 8 15 2 31
split_gain=1120.14 269.589 199.871 159.947 149.935 110.158 109.942 108.035 95.5764 97.0907 94.231 92.3287 88.7009 82.0555 77.4327 77.8894 75.1043 71.937 65.2546 64.1834 54.7914 53.5425 67.8584 62.5323 50.5769 57.8785 49.6265 67.5581 48.4983 41.2956
threshold=12.145000000000001 61607.500000000007 8.4350000000000023 14.920000000000002 0 1 2 3 4 5 44503.000000000007 6 7 8 9 10 11 12 13 14 15 16 17 18 98.500000000000014 19 66957.095000000016 20 20.995000000000001 7.5000000000000009
decision_type=2 2 2 2 9 9 9 9 9 9 2 9 9 9 9 9 9 9 9 9 9 9 9 9 8 9 2 9 2 10
left_child=2 3 18 8 -4 -5 -3 -7 -2 -10 12 -11 -6 -12 -8 28 -15 -14 -1 -13 -19 22 -17 -23 -9 -26 27 -20 29 -16
right_child=1 6 4 5 10 7 14 24 9 11 13 19 17 16 15 21 -18 20 26 -21 -22 23 -24 -25 25 -27 -28 -29 -30 -31
leaf_value=-1.9192361343049582 -1.9687753952937865 -1.8980898555864667 -1.9059301361303951 -1.9459427617488958 -1.9700017347647094 -1.9575444462014273 -1.9695757739655948 -1.8365111169985366 -1.8808514963216081 -1.8853833131855842 -1.9205421115588608 -1.9584583468044152 -1.8845161825330485 -1.915575631925194 -1.9123869124195372 -1.9051989435870365 -1.9634171195465684 -1.9008088259501821 -1.9228805651126502 -1.9220685419261461 -1.9418633081748979 -1.9712434388337354 -1.9541947889954689 -1.9181318660768163 -1.9254070022477083 -1.8784973312820223 -1.9809155115913994 -1.9673913392971654 -1.7201466773835903 -1.817069051715672
leaf_weight=62.25247648358345 81.940097138285637 179.82826687395573 198.08606033027172 87.989366054534912 140.89297239482403 49.604005113244057 167.17979550361633 61.262596115469933 171.35929039120674 138.91321165859699 135.3936370164156 141.11294580996037 75.670854806900024 82.050083845853806 146.50229448080063 71.491359919309616 1373.8439642339945 89.859140083193779 91.288967281579971 639.13275767862797 432.7976942807436 56.423180982470512 571.71090593934059 371.4251114577055 97.778183028101921 626.0443394780159 688.29681596159935 935.21697445213795 3.6295613497495642 12.318511247634886
leaf_count=566 745 1635 1801 800 1281 451 1520 557 1558 1263 1231 1283 688 746 1332 650 12491 817 830 5811 3935 513 5198 3377 889 5692 6258 8503 33 112
internal_value=-1.93847 -1.91819 -1.95577 -1.90643 -1.94674 -1.89086 -1.93378 -1.8856 -1.91869 -1.91486 -1.9503 -1.92175 -1.9356 -1.9572 -1.93865 -1.93425 -1.96058 -1.92716 -1.96862 -1.92882 -1.93423 -1.93926 -1.94832 -1.92572 -1.88087 -1.88383 -1.97034 -1.96356 -1.90304 -1.90499
internal_weight=7981.3 3675.65 4305.65 2095.14 2528.59 922.678 1580.51 834.689 1172.46 1090.52 2330.51 919.159 739.221 1591.29 1400.68 1233.5 1455.89 598.328 1777.06 780.246 522.657 1071.05 643.202 427.848 785.085 723.823 1714.8 1026.51 162.45 158.821
internal_count=72566 33419 39147 19049 22990 8389 14370 7589 10660 9915 21189 8357 6721 14468 12735 11215 13237 5440 16157 7094 4752 9738 5848 3890 7138 6581 15591 9333 1477 1444
cat_boundaries=0 26 44 70 96 122 140 166 184 202 228 246 272 298 324 342 359 360 386 403 420 438
cat_threshold=2097152 2147483648 163856 0 0 16 0 0 256 50333734 0 0 32768 131072 4194304 0 1 0 0 0 16384 2 1117184 1342177696 34 1073758208 0 1056 8913440 0 0 8456 3222298624 41943040 16 8192 0 2 512 545259520 17 8389120 138412032 8 0 536879104 262144 0 0 16 0 0 8200 134359585 0 0 0 32768 0 0 0 0 0 262144 0 0 131088 2229534720 33554440 3145792 2359552 1180672 1114112 0 0 49152 282624 67108864 33554432 134217730 0 0 0 8388608 0 1073741824 0 131072 16384 134217986 557312 2048 0 0 320 8388608 2 138412032 35651584 2189426688 0 32768 0 0 262160 0 0 1024 33554432 0 2147483648 67108864 0 20480 8388672 131073 0 2 16384 310378496 132 2147483648 0 64 57344 0 25 32768 3145728 301989888 8 2134016 2063597568 0 1024 268435456 8 5120 2214592512 96 4096 540672 1350565888 1073741824 0 142606336 0 0 16384 2113792 0 0 0 0 50331648 0 16777216 0 0 0 512 0 0 2751596560 1174405128 37750272 0 4 1081600 536870912 4 2560 134479872 0 1 2884608 134217728 17 132096 67108864 6 937984 0 41 0 64 24576 2147745920 2 128 134217728 16777216 416 2129920 269705216 0 264197 65536 134217728 4 134217728 160 36864 8389120 65536 0 0 16640 1 3145728 16416 100663296 0 131072 8 0 50331648 1140850688 8388608 0 0 524288 65536 12 0 524304 1114113 1090519040 0 18 270344 65536 1073741824 148 546373632 2147483648 3 4194304 2147483648 32 40 335552512 4 10512 8388608 4 512 1024 8 8912896 0 0 20 403701760 8392705 16513 32 0 4096 268959744 0 0 16777216 131072 4096 0 0 0 16384 2097168 8192 2097152 524288 1572864 268435488 512 131072 2097152 0 0 327680 475136 0 0 0 0 8388608 2147483648 0 0 0 268828673 524288 8 18874368 536875008 1375731712 33555072 4325632 0 131072 2176 0 4096 0 2149580800 266240 2147483682 256 0 0 34078720 64 0 2048 0 0 264 0 0 2164326400 32768 16 1073807364 536870912 16 32 2181038080 0 8192 134217728 536870912 820 1581568 8388608 8 147456 786432 7 1573376 268435456 20 268435456 97 526336 0 2 16384 279576576 2415919104 288 69664 0 0 68096 1073741824 0 2098176 3498049536 4218624 576 71303168 37748736 2097152 0 8388608 1026 536870912 0 16384 0 0 0 0 128 0 0 131072 0 2 524288 0 2048 131104 16784048 33557505 1610612736 0 2771232 9175040 8 512 33591296 0 144 66752 536870912 0 12352 2285895680 0 0 33554432 0 769 4194304 46137344 32 3 0 201326592 160 1536 20971520 0 45344 67108864 0 796032 1140850688 570425344 512 0 17301504 16 648 142614528 4718592 64 4194448 100794368 4 8216 1048576 0 2 1350565888 64
is_linear=0
shrinkage=1


Tree=1
num_leaves=31
num_cat=21
split_feature=2 8 2 11 2 11 8 11 15 11 11 15 15 15 11 15 15 11 11 11 5 15 11 31 15 11 49 15 43 31
split_gain=1008.56 233.363 189.749 140.969 136.984 109.235 107.318 106.841 97.0864 93.9289 91.7908 91.3831 78.4 76.8436 72.1339 83.2576 70.8518 70.2376 64.3303 62.7492 54.525 62.3403 57.86 45.2757 53.9394 44.5549 41.1031 36.9544 36.7551 30.6603
threshold=12.145000000000001 61607.500000000007 7.8900000000000015 0 15.375000000000002 1 44503.000000000007 2 3 4 5 6 7 8 9 10 11 12 13 14 15 16 17 4.5000000000000009 18 19 13.500000000000002 20 1.5000000000000002 7.5000000000000009
decision_type=2 2 2 9 2 9 2 9 9 9 9 9 9 9 9 9 9 9 9 9 9 9 9 10 9 9 10 9 8 10
left_child=2 4 19 -4 7 -3 9 -2 -9 28 -6 -12 -11 -8 -10 -16 29 -15 -18 -1 22 -22 -20 24 -13 -14 -25 -21 -5 -7
right_child=1 5 3 6 10 16 13 8 14 12 11 23 25 17 15 -17 18 -19 20 27 21 -23 -24 26 -26 -27 -28 -29 -30 -31
leaf_value=0.022432518844066204 -0.027844687217633043 0.038729033493497204 0.031303873105014021 0.17982663479887484 -0.019517902600415984 0.023520427348478493 0.013388297859386453 -0.017743462155559459 0.057716083732349932 0.035221473196763262 -0.0063713328148715873 0.082148270872440698 0.027680744786353552 0.019922306668587696 0.053978880596094014 0.015810392307188226 -0.035181658185542301 -0.024699413318546522 0.027359863917062816 0.0013420306090629872 -0.032371488052065911 0.018310940915553995 -0.017232017717006706 0.088779189649004553 0.036408337151328678 -0.014365693798480223 0.015571668627036409 -0.036699248633006748 0.043914985842227763 0.10099067927240966
leaf_weight=47.423826642334461 99.855325967073441 192.41132552176714 188.20103451609612 5.2694038525223723 48.818093098700047 164.49666699022055 162.38523059338331 121.03276673704386 182.88770242035389 100.44592727720737 67.113560825586319 106.43654573708773 61.517193533480167 88.808356933295727 172.74244787544012 828.76036186516285 144.28837692737579 1625.303874373436 76.470667034387589 75.966259211301804 61.703919254243374 432.02010110765696 500.92757171392441 156.43906193226576 339.20615923404694 615.810078330338 21.851769499480724 1189.6917940601707 88.864319629967213 13.846693627536295
leaf_count=432 911 1699 1683 47 439 1476 1473 1099 1612 900 608 926 558 806 1521 7412 1336 15041 686 701 569 3886 4600 1366 2965 5631 190 11080 795 118
internal_value=-6.19033e-06 0.0189626 -0.0166612 -0.00959631 0.0297149 0.00442113 -0.0124656 0.020547 0.0242759 0.00198367 0.0471283 0.0513754 -0.00396114 -0.0192458 0.0286825 0.0228624 -0.000588813 -0.0222854 -0.004973 -0.0324612 -0.000615884 0.0114599 -0.010961 0.0575894 0.0499931 -0.0101997 0.0798067 -0.0344233 0.0465753 0.0279671
internal_weight=7981 3731.31 4249.69 2936.61 2145.14 1586.17 2748.4 1405.28 1305.42 871.907 739.865 691.047 777.773 1876.5 1184.39 1001.5 1393.75 1714.11 1215.41 1313.08 1071.12 493.724 577.398 623.934 445.643 677.327 178.291 1265.66 94.1337 178.343
internal_count=72566 33419 39147 26934 19049 14370 25251 12555 11644 7931 6494 6055 7089 17320 10545 8933 12671 15847 11077 12213 9741 4455 5286 5447 3891 6189 1556 11781 842 1594
cat_boundaries=0 26 52 78 96 122 148 166 183 201 227 244 262 288 314 340 341 358 384 402 428 445
cat_threshold=0 2147483648 163856 0 0 4 64 0 262144 50331686 64 0 32896 655360 4194304 0 1 0 67108864 0 0 262146 1115136 1342177696 32 16384 0 2684362752 262144 134217728 0 16 0 0 8396808 134359585 0 0 0 32768 0 0 0 0 0 262144 0 0 131088 2229534720 33554568 3145792 2 4456448 2097152 2189426688 1048576 2147518464 0 4194304 1835024 0 0 132096 1073741824 0 2147483648 2214592512 0 49152 64 131073 36864 0 16384 0 128 1048576 536870912 16 8913024 2147483648 0 10 134217728 536870912 544 64 131072 8 16 786432 50 1573384 142606336 16 524288 524288 286261248 512 0 2097152 8388608 2147483648 0 460800 0 0 268435456 32768 16777216 0 0 0 2048 268435456 1572864 0 18876416 4096 301991936 8389248 2359296 132096 1114112 2147483648 0 311360 0 67108864 33554432 130 0 0 8 0 0 1073741824 0 131072 536870912 134217728 2686976 0 0 262144 4160 8392704 0 1056 9044512 6291456 0 8192 1074798592 1207959552 144 8192 4194304 2 8704 8388608 33 8389120 134217728 8 0 19 2056 0 8 49536 268959744 2147483648 256 69664 2148532224 36 68128 1073741824 0 1536 3498049536 0 256 16384 2147483776 2 1152 150994944 16777216 480 2195456 1204224 0 526341 65536 134217728 4 134217728 32 1052672 2684878848 25165824 0 0 142868480 0 0 49152 4261888 0 0 0 0 0 0 16777216 0 0 0 512 0 8192 73400336 1308624904 512 2097152 64 1105920 0 8 135168 1048576 1073741824 8 2130048 1795424256 1 3072 1476395008 8 4194304 2684354560 0 272 8200 553713664 1073741860 176 9437184 2147483648 3 4194304 0 32 40 67117056 4 10512 8388608 4 2163200 1024 0 8913152 0 0 0 402653184 4352 67108864 8192 0 4096 268435456 0 0 16777216 131072 0 0 16384 0 135168 35684368 536870915 2097154 36864 8388608 0 0 0 180480 1 1048576 16384 100728832 0 131072 4210696 0 0 1140850688 25165824 0 0 0 1114112 12 0 16 65537 20971648 4325376 2048 131088 34944 0 4096 0 1075838976 0 10485770 0 0 0 34078720 64 0 2048 131072 0 0 0 0 16842752 16 1040 1077936132 4202240 1090519040 0 674080 9175040 8 0 167809024 0 16 65728 538968064 0 8784 2185232384 0 1048576 37748736 576 67633152 37748736 2097152 0 8388608 2 0 0 16388 0 0 0 0 0 0 0 131072 64 2 524288 2048 2048 268439584 2596 33557505 0 8 1146880 3221225472 21 262144 373555200 0 258 3145728 1216348160 0 16384 0 4 3604480 2147483648 18 0 34611200 33554432 0 131072 262144 263168 524288 256 2113536 0 0 0 16384 0 0 4196352 67108864 512 537133057 513 136 0 8388608 33800 1107296256 540540928 2149580928 524290 327680 2151677968 4096 134217792 655360 536870976 17 2147614720 0 139264 0 0 2 277872640
is_linear=0
shrinkage=0.05


Tree=2
num_leaves=31
num_cat=22
split_feature=2 8 2 11 2 11 11 11 15 15 15 11 15 11 15 11 11 8 11 11 5 15 15 8 15 11 3 15 68 15
split_gain=909.342 203.097 180.002 121.909 119.818 115.641 104.134 91.4744 92.4393 85.549 76.479 71.7589 69.9814 64.8152 62.0691 60.1499 59.6564 58.3543 70.3622 57.9956 56.0976 53.4717 53.3725 48.8784 63.2671 37.8817 33.6586 27.5467 24.9351 24.6341
threshold=12.145000000000001 60018.000000000007 8.4350000000000023 0 15.805000000000001 1 2 3 4 5 6 7 8 9 10 11 12 50712.000000000007 13 14 15 16 17 66957.095000000016 18 19 535.75500000000011 20 0.39998717989873767 21
decision_type=2 2 2 9 2 9 9 9 9 9 9 9 9 9 9 9 9 2 9 9 9 9 9 2 9 9 2 9 2 9
left_child=2 3 13 -2 7 27 -3 -5 -9 28 -6 -11 -8 -1 -10 -14 -12 18 -13 -19 22 -22 -17 24 -15 -26 -18 -4 -7 -25
right_child=1 6 5 4 10 9 12 8 14 11 16 17 15 23 -16 20 26 19 -20 -21 21 -23 -24 29 25 -27 -28 -29 -30 -31
leaf_value=0.016889145375097656 -0.032169689820670602 0.038787231624682672 -0.018040405868779936 -0.022480390082447427 -0.0023801083039208405 0.01546928370348398 0.030192574501149552 -0.015192494123746398 0.053783565259649814 0.021380811392919391 -0.00012749354082365174 0.035940994293753886 -0.033083215641673901 0.016135191346941819 0.023835396919520292 0.027106724421401329 0.054971345907819762 0.015664443066910404 -0.011108983964993361 -0.026942652239463516 -0.029640738764170189 0.017564509742602596 -0.016093842483186949 -0.00057668728875084863 0.010990897711951404 -0.030354891179511147 0.088005542368139886 0.036061424979293703 0.10321247034977915 -0.04374349353392612
leaf_weight=73.253884755074978 76.252984523773193 183.5118645876646 24.771941959857941 101.67295157909393 74.863001920282841 220.50155455619097 156.65335214883089 123.80896966904402 228.0510675907135 128.38020850718021 54.707500517368317 79.187099196016788 148.6840136423707 88.49798259139061 1003.552446089685 73.923618763685226 406.1747820302844 83.777868568897247 749.42320896685123 1029.4375723451376 60.302696719765663 463.55368871986866 531.94584318250418 45.508260801434517 59.54898115247488 833.89812701195478 95.178840167820454 170.17375119030476 8.4056748747825605 601.38424506783485
leaf_count=663 683 1583 216 931 664 1982 1375 1126 1943 1171 473 708 1407 806 8783 676 3410 773 6896 9683 564 4109 4893 435 562 7914 799 1486 75 5777
internal_value=-1.00936e-05 0.0177676 -0.0160368 0.0277866 0.0299867 -0.00748174 0.00437083 0.0222487 0.0255811 -0.0106231 0.0483323 -0.0138489 -0.000298441 -0.0285723 0.0297693 -0.00424008 0.0542273 -0.0162756 -0.00631292 -0.0238375 -0.000187047 0.0116771 -0.0104683 -0.0305331 -0.0236905 -0.027508 0.060045 0.0286418 0.0179089 -0.0413919
internal_weight=7978.99 3782.84 4196.15 2164.26 2088.01 2494.06 1618.58 1457.09 1355.41 2299.11 630.924 2070.21 1435.06 1702.09 1231.6 1278.41 556.061 1941.83 828.61 1113.22 1129.73 523.856 605.869 1628.84 981.945 893.447 501.354 194.946 228.907 646.893
internal_count=72566 33419 39147 18812 18129 22990 14607 12783 11852 21288 5346 19231 13024 16157 10726 11649 4682 18060 7604 10456 10242 4673 5569 15494 9282 8476 4209 1702 2057 6212
cat_boundaries=0 26 52 78 104 122 139 157 183 201 227 244 270 296 322 348 349 367 384 402 428 446 464
cat_threshold=10485760 1073743872 134348800 2155872256 2684354568 32768 540672 1 34078784 0 0 1024 1074790528 0 268435456 16384 524288 0 4352 0 557056 64 0 0 128 1048576 2097152 2147483648 163856 0 0 16 0 0 0 50366502 0 0 32768 131072 0 0 1 0 0 0 0 2 1115136 1342177696 34 1073758208 0 570433536 262144 134217728 0 16 0 0 40968 134359585 0 0 0 32768 0 0 0 0 0 262144 0 0 131088 2225340416 33554596 1048640 2 4587520 2097152 33554432 1179648 2147485696 0 33554432 1310736 536870912 0 0 33554432 0 2147483648 2214592512 0 49152 8388672 131072 20480 0 16384 8392704 0 2097152 0 0 8913832 524288 0 11 134217728 536870912 544 0 131072 8 32784 34340864 18 1573376 142671872 16 0 1088 16384 2147483776 10 49288 512 0 416 98304 269510656 0 18465 65536 1073741824 2097152 159383552 0 1574 10486272 6291456 0 8448 1074790400 1140850688 144 74752 4194304 0 11776 0 33 8393216 0 8 262144 32768 67108864 25165824 0 4194304 262144 0 4194560 345088 0 0 4224 0 4194304 0 16777224 67244032 4096 268435456 16386 262144 0 2097152 1610612736 8388608 0 400 8200 553713664 1073741860 131248 536870912 2147483648 1 4194304 16777216 0 40 8192 4 10512 0 4 4325632 0 33685504 2176 0 4096 0 2157969408 266240 2147483682 256 0 0 34209792 64 0 16779264 0 0 264 0 0 2164326400 32768 16 1073807360 0 64 3203072 1048576 25 135168 4456448 1073741824 72 4096 1258553344 0 1152 1342177280 8 4263936 536870912 36864 8388608 0 0 0 49408 1 1048576 16384 33619968 0 131072 4194304 0 33554432 1140850688 8388608 32768 0 0 1114112 14 0 16 1114113 16777344 266752 1048576 0 0 0 2147762240 4096 1048576 1081344 4735105 0 0 16785408 0 0 3221225472 0 0 0 671088642 2162944 2048 0 262144 64 130 0 9961472 32 0 131072 0 0 2215641088 8 268435969 0 0 0 0 25165824 0 0 32768 0 536870912 1572864 0 2099200 536940544 301991041 33559042 525888 671089664 8 524288 0 2048 16 402784256 8425600 67633152 0 0 8 268435456 0 0 0 0 0 2 128 0 16384 33554448 4194568 1024 4202240 1358954496 32 2244896 9175040 0 0 167817216 0 16 65728 536870912 0 8272 2185232384 0 0 37748736 8 402653184 32 610432 786432 0 6 73728 268435456 130 160 805306368 0 33808 272629760 0 64 35651584 570425344 512 0 17301504 16 136 142614528 6815744 64 4194448 100794368 4 8216 1048576 0 2 1350565888 64 1048576 0 65544 0 0 262160 0 1048576 8421376 16777225 0 0 0 2097152 20971520 0 0 0 0 0 0 4 1048576 268697616 369099781 37750784 0 0 262144 536870912 16 64 524288 0 16 0 0 0 2048 3120562176 0 147456 268435456 24 17301504 2147483648 917506 524288 0 12800 32960 0 64 262144 2684420096 0 16576 0 1 8 1572864 16
is_linear=0
shrinkage=0.05


Tree=3
num_leaves=31
num_cat=21
split_feature=2 8 2 8 15 11 11 11 15 5 15 11 11 15 15 11 11 2 11 68 15 11 15 15 11 15 11 31 33 68
split_gain=826.032 208.162 142.631 114.77 102.181 98.7408 94.0948 92.5743 86.1939 79.4069 79.4502 79.1192 77.0228 68.7564 67.8991 67.246 61.5427 60.2947 77.5183 56.197 49.9875 49.327 48.2911 48.2442 44.5447 46.5926 39.9047 38.1568 37.5487 36.7607
threshold=11.180000000000001 60996.500000000007 14.920000000000002 44503.000000000007 0 1 2 3 4 5 6 7 8 9 10 11 12 7.8900000000000015 13 0.4851769096139375 14 15 16 17 18 19 20 5.5000000000000009 742.50000000000011 0.32976535104824051
decision_type=2 2 2 2 9 9 9 9 9 9 9 9 9 9 9 9 9 2 9 2 9 9 9 9 9 9 9 10 8 2
left_child=3 2 6 4 19 28 -2 -6 29 10 -7 -4 -5 -11 -13 -12 -10 -14 -19 -1 -18 -16 -20 -9 -15 -26 -25 -23 -3 -8
right_child=1 5 11 12 7 9 8 23 16 13 15 14 17 24 21 -17 20 18 22 -21 -22 27 -24 26 25 -27 -28 -29 -30 -31
leaf_value=0.036480491126247759 0.042305032475791648 0.08114542705390751 -0.02121162277822207 0.02216519890026836 0.042892987793191714 0.025436209106982022 0.028650941870670049 0.014925582482339619 0.037355263166083279 0.049847044969727944 0.028451464210951845 -0.0042971563231977792 -0.037399956262278176 -0.032508054131865409 0.0015458802639498764 -0.019109400646154264 0.025282704273179607 0.021369292353348147 0.007273763799777894 0.24643853815077704 -0.0043023430918661338 0.043961121763586061 -0.026872203698748834 0.018946964300558797 -0.031109629811023106 0.016547961887036663 -0.023092429841802681 0.071789823822379251 0.023796307958158423 0.080154759766843123
leaf_weight=102.39694906026125 238.00481131672859 33.087689302861691 52.879543922841549 78.559664033353329 65.526278153061867 126.23921027779579 170.62665701657534 111.09995620697737 111.95967485755682 90.19181801378727 73.100145071744919 82.69840169698 860.09842976182699 62.041277095675468 71.057040251791477 941.93174345046282 156.84218447655439 97.86151298135519 115.48249253630638 3.2894254624843589 979.83862636983395 643.39813083410263 1145.4832497909665 56.625087052583694 50.705811686813831 361.64722512662411 690.75671594589949 152.34122677147388 207.7459480240941 43.472332447767258
leaf_count=927 2044 282 474 723 587 1139 1470 1025 984 781 662 737 8431 573 597 8764 1376 895 1070 29 8780 5277 10900 518 474 3190 6470 1229 1786 372
internal_value=-2.35979e-05 0.0135868 0.0225645 -0.0190444 -0.00517305 0.00112047 0.0137472 -0.0105704 0.00875142 -0.00317468 -0.0107369 0.0375251 -0.0252613 0.0120327 0.0405922 -0.01544 0.00358755 -0.026919 -0.0204829 0.039297 -3.52354e-05 0.0448751 -0.0237124 -0.015098 0.00396278 0.0100898 -0.0196992 0.0486771 0.0304126 0.0373635
internal_weight=7976.99 4649.81 2703.12 3327.18 1029.69 1946.69 1700.74 924.008 1462.74 1705.86 1141.27 1002.37 2297.49 564.586 949.495 1015.03 1248.64 2218.93 1358.83 105.686 1136.68 866.796 1260.97 858.482 474.394 412.353 747.382 795.739 240.834 214.099
internal_count=72566 40991 23340 31575 9556 17651 15026 8600 12982 15583 10565 8314 22019 5018 7840 9426 11140 21296 12865 956 10156 7103 11970 8013 4237 3664 6988 6506 2068 1842
cat_boundaries=0 18 44 70 96 113 114 132 157 183 201 219 245 271 297 314 340 357 374 400 417 443
cat_threshold=536870912 513 536 134217728 16 49288 8389120 2220883968 64 4096 1048576 32 2304 8388608 0 1026 297795584 64 2097152 33562624 262144 0 0 16 0 0 40960 134261281 8 0 0 268468224 0 0 0 0 0 262144 0 0 133136 2225340416 33554476 3145728 1052672 540672 1342177328 0 0 8388608 0 0 16384 2182176 0 0 32768 0 0 0 16777216 0 0 262144 512 0 0 3825213488 1174407168 4096 0 8388608 1048576 2688 0 16 8389632 2147483648 262144 67594 0 0 268435584 131072 0 0 0 32768 0 805306368 1048576 262146 16778240 268435456 268437536 41943040 0 224 57344 0 10 32 3276800 268435456 0 2228352 2067791872 0 1152 1344274432 8 5120 1048576 269508544 2550136832 0 24712 65664 1073741824 128 0 167772160 195 176 1342177280 0 4096 67379200 4 2048 25165824 128 2359552 197632 1114112 2147484160 0 49152 262144 0 33554432 2 0 0 8 0 0 3221225472 0 131072 4096 134217984 524544 0 0 0 320 256 2147483648 131089 524544 0 0 0 2099200 4198400 2164260864 272 128 0 34078720 4194304 0 16777232 0 4096 0 16384 0 1114112 0 19 65536 0 18 262144 822083584 1073741828 1028 551026688 2148532224 0 4194304 100663296 0 2344 83886080 0 78080 0 4 0 1056 8913440 0 0 8196 1074814976 142606336 48 8192 0 0 0 545259520 49 8390408 134217728 8 576 2420113408 16777217 8388608 0 8390656 1024 671088640 0 278528 0 0 0 8388608 0 0 0 131072 16896 268435458 0 0 0 16 1054736 33555456 0 0 4456448 1073741824 0 270336 4096 134217728 512 388 0 4096 0 0 33554432 0 0 131072 512 524288 0 8 589824 2293888 97 37750272 262656 1024 100696064 0 134217728 262160 516 268435456 256 33555622 0 0 0 0 128 71303168 0 0 0 0 268435456 2 0 33024 0 2105346 3355705344 0 8 2097152 16 53248 1074266624 1107296256 264 4296736 32768 4 69632 2685403136 0 256 1140850688 4098 34603008 0 0 0 2147483648 5122 0 1081344 536879360 0 0 8196 0 0 0 0 32768 64 3 81920 2176 0 0 2164281344 9441282 0 260 0 2152660992 8 9 151060480 16777216 384 2129924 1048576 0 53 98304 134217728 2097152 675282944 0 16 4102 29622272 40 65792 0 536870912 0 66048 117440512 134217732 73864 167772160 8 33344 2181038080 4096 71303680 0 0 0 142737728 0 1048576 0 16384 0 131072 4 0 0 1140850688 0 131072 0 134217728 1049344 12 0 135168 9502736 4194304 1610612736 32 2244640 8388608 0 512 33560576 1207959552 16 41024 1610612736 0 12352 2285895680 0 0 33554432 8913920 0 16400 16777216 0 294912 0 1074790400 8388608 100663296 0 0 0 0 25165824 570425344 0 67108864 128 0 0 0 0 9179264 16778368 4211328
is_linear=0
shrinkage=0.05


Tree=4
num_leaves=31
num_cat=24
split_feature=2 8 2 2 11 11 11 15 5 15 11 15 11 10 11 10 15 11 15 15 11 11 15 11 11 15 11 13 16 15
split_gain=749.017 182.834 121.319 109.823 98.3178 88.3686 88.2962 81.118 79.2823 69.9186 68.9902 79.697 74.7713 67.5802 82.3358 64.8054 82.0543 66.1216 68.5741 64.0348 64.0285 60.8821 53.5667 46.2238 44.3574 36.7973 35.4989 32.648 31.1995 30.7923
threshold=11.180000000000001 60996.500000000007 14.920000000000002 7.8900000000000015 0 1 2 3 4 5 6 7 8 9 10 11 12 13 14 15 16 17 18 19 20 21 22 22.885000000000002 2.5000000000000004 23
decision_type=2 2 2 2 9 9 9 9 9 9 9 9 9 9 9 9 9 9 9 9 9 9 9 9 9 9 9 2 2 9
left_child=3 2 6 21 -5 29 -2 -8 9 -7 -4 -12 -13 22 -15 17 -17 -6 27 -10 -11 -1 -9 -21 -14 -23 -20 -19 -25 -3
right_child=1 5 10 4 15 8 7 13 19 20 11 12 24 14 -16 16 -18 18 26 23 -22 25 -24 28 -26 -27 -28 -29 -30 -31
leaf_value=0.019716016152735709 -0.030939500875397277 -0.012987860367474974 0.063615917044940698 0.032189310365068571 0.017777885335793633 0.023244235547402917 -0.018309910823173525 -0.033943036979277821 -0.032225329150394756 0.025130348344593302 0.059365866168197751 0.06778691670286166 -0.02277775272667892 0.057008660088970688 0.019251726217880259 0.061648466249895006 -0.0047025696970888625 0.0057276138464091644 0.010121947222800852 -0.019900192288037567 -0.018531499575476989 0.0032971104842296735 0.010552174489538711 0.020020566415580421 0.018441882681660453 -0.034866874411138435 -0.025660094799321562 0.079041508401543281 0.060071617709311236 0.036724162523066102
leaf_weight=55.971421286463737 99.706021264195442 36.215845540165901 174.25292061269283 114.13151421397924 115.69018983095884 129.01612131297588 152.2501080930233 75.70634850114584 61.848723694682121 84.786324083805084 159.1596782580018 64.611920155584812 66.495220437645912 174.87929650396109 903.46795146167278 47.036239080131054 252.13441159576178 97.217148490250111 72.946364253759384 61.752090096473694 947.20621758699417 73.482951857149601 311.23340409249067 369.07638658583164 565.08422885835171 1098.5080791711807 1333.4136553481221 17.996356189250946 56.003390550613403 201.92607303708792
leaf_count=513 918 306 1386 1020 1058 1142 1377 665 587 756 1256 514 575 1463 7901 436 2389 905 678 569 8922 699 2702 3187 4583 11001 12710 166 482 1700
internal_value=-2.76551e-05 0.012779 0.0210881 -0.0183661 -0.0112845 0.00106146 0.0129516 0.015751 -0.00297439 -0.0103544 0.0346587 0.027692 0.0197127 0.0193902 0.0258424 -0.013941 0.00738586 -0.0178592 -0.0206672 0.0125476 -0.0147376 -0.0301917 0.00121071 0.0187698 0.0138147 -0.0324664 -0.0237458 0.0158073 0.0247158 0.0289454
internal_weight=7973.21 4694.68 2746.85 3278.53 2050.57 1947.83 1717.24 1617.54 1709.69 1161.01 1029.6 855.351 696.191 1465.29 1078.35 1936.43 299.171 1637.26 1521.57 548.681 1031.99 1227.96 386.94 486.832 631.579 1171.99 1406.36 115.214 425.08 238.142
internal_count=72566 40991 23340 31575 19362 17651 15026 14108 15645 10820 8314 6928 5672 12731 9364 18342 2825 15517 14459 4825 9678 12213 3367 4238 5158 11700 13388 1071 3669 2006
cat_boundaries=0 26 52 78 96 98 116 142 160 186 187 213 214 232 258 275 292 318 344 362 388 414 431 457 475
cat_threshold=524288 2148007936 0 524296 0 16 8388608 0 268435456 50331686 1040 0 128 524288 20971520 0 0 67108864 67108864 0 0 262146 17891328 33024 2 8396800 2097152 0 262144 134217728 0 16 0 0 40960 134253089 8 0 0 268468224 0 0 0 0 0 262144 0 0 133136 2225344512 33554604 3145728 2 138412032 2097152 2182086656 1048576 32768 8192 4196352 1048656 0 0 0 33554432 16384 128 67108864 0 49152 8388864 268435456 32768 2 0 1048576 132 2148534272 805306368 16 512 16384 0 3 0 2684878848 550 524868 8388608 10 131072 9175040 51 0 0 16 2488295360 2 2550136832 128 24584 128 1073741824 144 8192 2181038080 194 176 1342177280 0 4096 67379200 4 2064 0 128 0 537395200 50331648 0 0 0 0 0 8192 3072 0 0 16 16384 33554432 0 2155872256 0 0 131072 512 2 8192 341901344 134219805 64 0 8 98304 2281701376 18 409600 654311424 2147483648 320 3278848 1073741824 0 196608 16777216 0 4390912 2684354560 260 0 2147483648 16384 2097168 0 136839168 66048 524288 256 20971520 0 0 4194304 0 128 33554432 0 1 4194336 268698112 0 4 135168 536871040 33554432 1107828736 8259 0 540672 276824080 0 0 8388608 0 536870912 81921 2182144 0 0 0 0 33554432 0 16777216 0 0 0 512 0 8192 1610678320 1108346888 5632 8311 268435456 0 150016 2147483648 2 0 295698432 0 22 77824 545259520 8 32 134217728 0 263680 3087007744 96 262144 0 68190208 8389120 0 0 0 2147483648 1310848 335741952 0 0 0 131072 0 4194432 16777216 0 4096 0 268451840 4 4096 1048704 1073750017 2147483648 2621440 536870976 131080 524288 0 1152 0 2147483648 128 2146436 1054720 36 513 8425472 1207959560 0 33554432 1610612736 0 2244896 75497472 0 0 33560576 1207959552 128 33856 1610612736 0 12288 2319450112 0 1048576 39845888 576 2420113408 16777216 8388608 0 8390656 0 671088640 0 537149440 0 0 0 0 0 0 16384 131072 18944 268435458 0 0 8192 32 6160 33555456 4325376 2048 131088 34944 0 4096 0 1075838976 0 10485770 0 0 0 34078720 64 0 2048 131072 0 0 0 0 16842752 48 268436496 1077936132 0 12 1114112 2147483648 4 18944 692060160 0 0 1064960 1073741824 16 39424 33554432 4 360448 134217728 33 4608 79692288 0 2097152 0 8405312 0 137363456 0 16384 0 0 4 0 16777216 67108864 0 131072 0 0 1114368 8 0 268435472 1114192 4194304 262656 68288512 1114112 536871424 0 2147794944 262146 0 0 532482 0 0 8192 0 0 0 0 0 0 134217730 82208 2048 0 0 96 3149824 540540928 2097280 524288 327680 2151677968 4104 64 524288 536870976 16 2147614720 0 139520 0 0 2 277872640 2163040 545259520 131073 0 131072 4194304 16 4587520 536871168 262144 0 0 272633856 16384 128 0 0 0 128 0 262144 0 2149581824 0 0 33571968 0 2 0 3607101440 0 1536 0 3221225472 2 4096 1610612736 0 0 704643072 0 12288 0 3
is_linear=0
shrinkage=0.05


Tree=5
num_leaves=31
num_cat=23
split_feature=5 8 8 2 11 11 11 11 15 11 15 11 15 15 15 11 11 11 11 15 15 15 15 11 15 5 34 21 29 68
split_gain=681.447 171.856 127.472 105.286 109.631 104.416 98.817 83.7221 81.159 78.5957 69.764 67.7552 66.8133 64.2949 60.5849 57.4072 52.8215 50.8304 48.5167 44.8507 41.911 41.0952 40.1858 43.9924 37.9923 36.2648 32.2578 31.3943 29.7185 27.6694
threshold=0 43290.500000000007 61607.500000000007 8.6100000000000012 1 2 3 4 5 6 7 8 9 10 11 12 13 14 15 16 17 18 19 20 21 22 99.050000000000011 26.250000000000004 22718.000000000004 0.27367580820413545
decision_type=9 2 2 2 9 9 9 9 9 9 9 9 9 9 9 9 9 9 9 9 9 9 9 9 9 9 10 10 8 2
left_child=1 6 5 17 -5 -2 27 24 -9 26 -8 -10 -11 -6 -13 -12 -15 -3 -14 -20 -18 28 -17 -24 -7 -21 -4 -1 -19 -26
right_child=2 3 9 4 13 7 10 8 11 12 15 14 18 16 -16 22 20 21 19 25 -22 -23 23 -25 29 -27 -28 -29 -30 -31
leaf_value=0.0034334173467130561 -0.028292132048341898 0.014300929087307682 0.033029391070739621 0.029582597890640147 0.017476006016754642 0.0062269966894778934 0.027531907847051059 0.046327434880482063 -0.019584741868833241 0.030919516498408264 0.03639806138778548 -0.013871969065374943 -0.028230070981442076 0.018802485243393063 0.02297305849027979 0.016497091605223842 0.0035987530525349236 0.14705396330238338 -0.027333137360030124 -0.0029969193160368501 -0.024071978880498345 -0.036557843166306926 0.020633502356538724 -0.017710331332035398 0.050584036910039515 0.017941955119942218 0.1546927294059274 0.060993491180538907 -0.0033268553768365768 0.086576957351794964
leaf_weight=32.096373431384563 86.838103637099266 57.046942539513111 173.07559549063444 134.8918430134654 126.80766405910254 54.578779742121696 152.72119695693254 274.75335812568665 113.69524592161179 147.98068787902594 60.021501921117306 119.36706510186195 162.39850807934999 82.959534801542759 1244.1152708604932 113.76662524789572 157.35733162611723 3.4393301606178284 117.06493706256151 581.94231649488211 1305.0598174706101 1050.410973533988 75.671275608241558 809.44868574291468 174.1936321631074 309.89317126572132 5.6253131404519072 90.437079958617687 73.385847866535187 76.997906036674976
leaf_count=291 775 544 1429 1189 1154 439 1366 2209 981 1266 533 1035 1558 753 10267 1041 1490 34 1093 5378 12467 10748 690 7638 1380 2667 45 775 726 605
internal_value=-2.51292e-05 -0.0134293 0.0158857 -0.0201162 -0.0125223 0.0237467 0.00146288 0.0259542 0.0214456 0.00473775 -0.00300791 0.0165372 0.000383882 -0.0160001 0.0196699 -0.00762888 -0.0188417 -0.0317035 -0.00370304 0.000483288 -0.0210904 -0.0338582 -0.0106089 -0.0142383 0.0502891 0.00439715 0.0349059 0.0424517 0.00301322 0.0592579
internal_weight=7968.04 4325.52 3642.52 2991.36 1807.08 2144.54 1334.16 2057.7 1751.93 1497.98 1211.63 1477.18 1319.28 1672.18 1363.48 1058.91 1545.38 1184.28 1171.3 1008.9 1462.42 1127.24 998.887 885.12 305.77 891.835 178.701 122.533 76.8252 251.192
internal_count=72566 41439 31127 29105 17053 17691 12334 16916 14492 13436 11268 12283 11962 15864 11302 9902 14710 12052 10696 9138 13957 11508 9369 8328 2424 8045 1474 1066 760 1985
cat_boundaries=0 1 27 48 74 100 118 144 161 187 205 223 240 266 291 317 343 360 378 396 413 439 457 458
cat_threshold=511 2097664 2147483648 524304 0 8 16 0 402653184 128 50364544 0 0 0 8912896 0 0 0 131072 0 0 16384 2 1052672 1080033584 2 24576 14680064 0 135397376 2147483648 2684354568 34817 0 262144 2181038144 0 0 1024 1073741952 0 0 2147500036 524288 32768 67112960 2 557056 524288 524288 268435472 16777216 0 4 8388608 2147483648 0 329760 0 0 0 16384 0 0 2048 0 67108864 268435456 0 262146 66560 269225984 2080 1073742337 32 537395200 16777248 0 0 134217728 0 0 32768 12586496 0 0 16 0 33554432 0 16777216 0 0 512 512 0 8192 2218860576 1308624912 64 0 72 114688 2147483648 18 282624 272891904 268435456 256 1052800 184811520 32 64 33554432 0 4326400 2684354560 2 1048640 2717917184 0 1 0 16 0 0 8429568 2593 8 0 0 32768 0 0 0 0 0 262144 512 0 196608 77856768 1107296392 3146752 536870912 129 8 134217728 24 37000 2228736 3489660928 0 65536 335544320 134217764 67584 134217728 0 2130432 293601280 770 2162688 67584 545259520 0 16416 16384 75497472 524288 524288 0 0 1114116 0 8388608 1073741824 0 16384 256 134217728 69888 0 1024 1048576 512 2097152 0 768 1056776 536936448 1210056708 32896 545259520 2147483648 67 4194304 50331648 40 32 67117056 4 4368 0 4 0 0 24576 262272 2 128 256 16777216 328 2625688 1074987008 0 786432 196608 0 0 138412032 32 0 1040 525056 0 0 0 2147537920 12582912 640 532996 131072 1073741824 0 786432 3 8405520 153092096 0 8404992 2147483648 2099712 0 0 0 0 0 304087070 0 0 98304 0 0 0 0 0 2048 537133056 1 0 1048576 8388736 268436480 62914688 1048576 1024 131072 143131392 134217728 0 512 131072 671612928 16398 0 0 4194432 268566528 4194304 4194304 0 0 4096 0 0 0 131072 67108992 536871168 256 0 2147876880 559104 128 0 16 547356672 524288 8388672 256 0 0 2621440 4194304 0 16777216 0 0 0 0 0 65536 48 67108881 2101248 36864 8388608 67584 0 0 16640 1 1048576 16416 33554432 0 131072 4194312 0 33554432 1073741824 25165824 32768 0 1 65568 6 0 16400 1114113 16777216 1090519040 0 2097184 75513856 1 8 33589248 1073741824 20 16448 1075871744 16 66 2189459456 0 192 4718592 69206016 0 262144 65536 0 132113 1331216 262144 16 65536 268435456 67108865 4113 16777216 134217728 578 555745280 129 34078720 1073742212 524288 2147549184 0 74240 201330688 524288 64 2097169 2147483648 67108886 24576 32768 0 8 1048576 16 1073741824 554 21024 20971520 32 16384 268435584 4194304 0 32800 3254812672 0 256 8388608 0 2304 3225419776 8388608 0 22020100 8 0 135004162 262144 1073741824 262400 16793600 0 0 301990016 0 25165888 0 4194304 67108864 128 0 524288 0 16793600 0 49160 1024 0 32 131072 33554432 0 4096 873463808 2147483648 98 1114112 2684354560 1 210944 2684354560 2 557056 536870912 26 139517440
is_linear=0
shrinkage=0.05


Tree=6
num_leaves=31
num_cat=23
split_feature=2 8 5 11 11 2 11 15 11 15 15 11 15 11 31 11 10 15 11 15 11 15 11 15 15 31 15 11 33 47
split_gain=625.277 151.644 122.53 104.829 102.376 100.607 100.16 94.7725 86.2168 83.7279 73.014 67.8377 67.3912 65.3465 65.0015 67.8548 62.7519 66.3553 63.4841 62.0241 57.7122 55.3883 47.0093 38.4958 37.218 33.4434 32.1006 31.6772 27.5189 36.3714
threshold=11.180000000000001 43290.500000000007 0 1 2 7.8900000000000015 3 4 5 6 7 8 9 10 3.5000000000000004 11 12 13 14 15 16 17 18 19 20 4.5000000000000009 21 22 742.50000000000011 4.5000000000000009
decision_type=2 2 9 9 9 2 9 9 9 9 9 9 9 9 10 9 9 9 9 9 9 9 9 9 9 10 9 9 8 8
left_child=5 4 3 28 -2 20 -4 -5 -7 25 -8 -11 -13 -9 15 -12 18 -18 -10 -20 -1 -16 -14 -15 -22 -6 -19 -21 29 -3
right_child=1 2 6 7 9 8 10 13 16 11 14 12 22 23 21 -17 17 26 19 27 24 -23 -24 -25 -26 -27 -28 -29 -30 -31
leaf_value=0.018576646200143716 -0.028594524804582674 0.043773110073373353 -0.030418224762270199 0.027506566676525554 0.04681221761274796 0.033179318958880044 -0.020381794374116434 0.029169553517645511 0.018079871403532049 -0.017579223546243871 0.042575145089339683 -0.009502343931402403 -0.0070612476056910282 0.010604897846733073 -0.0050664284879172817 0.0080341604969101661 0.058246639374440329 -0.036463868301558948 0.0135475891159392 0.0098243602504196042 0.0036019256802475672 0.047441253813493706 0.033321172848326017 -0.016694532390383651 -0.033733688966419283 0.092333070438025577 0.0061522387960386976 -0.024401033841981407 0.028238011628415428 0.1792007181361307
leaf_weight=58.909678235650063 80.163767531514168 15.179177872836592 100.10991142690182 167.60161328315735 206.10531235486269 99.128088362514973 100.115383438766 85.563876464962959 116.44559140503407 97.628611423075199 174.05367552489042 123.88736625760794 81.684542216360569 140.2984072342515 64.640774220228195 699.00427652150393 44.667298167943954 45.332787223160267 127.01409169286489 71.021476276218891 77.367714285850525 330.93482805788517 860.36573044210672 1252.8248372673988 1041.6720534190536 50.170490346848965 211.06059472262859 1300.9422660917044 132.25079656392336 7.3624632582068434
leaf_count=539 699 125 903 1471 1645 857 864 768 1063 845 1427 1061 686 1259 531 5898 399 440 1185 658 749 2694 7055 11486 10925 388 2013 12747 1126 60
internal_value=-3.19832e-05 0.011432 0.00539385 -0.00336667 0.0245948 -0.0171547 0.0160495 -0.00713378 -0.0103704 0.0276048 0.0196441 0.0214644 0.0251706 -0.0112185 0.0229374 0.0155 -0.0127297 0.00812239 -0.0166418 -0.0194411 -0.0287635 0.0399322 0.0297823 -0.0138893 -0.0311434 0.053631 -0.00246864 -0.022571 0.0347 0.0880059
internal_weight=7963.51 4769.95 3269.94 1801.08 1500.01 3193.56 1468.86 1646.29 2015.61 1419.84 1368.75 1163.57 1065.94 1478.69 1268.63 873.058 1916.48 301.061 1615.42 1498.98 1177.95 395.576 942.05 1393.12 1119.04 256.276 256.393 1371.96 154.792 22.5416
internal_count=72566 40991 28612 16295 12379 31575 12317 14984 19362 11680 11414 9647 8802 13513 10550 7325 18505 2852 15653 14590 12213 3225 7741 12745 11674 2033 2453 13405 1311 185
cat_boundaries=0 1 26 52 78 96 121 139 157 183 201 227 253 254 272 298 315 341 358 384 401 418 436 462
cat_threshold=4032 3146816 100663296 262169 2097152 0 8390928 0 0 32768 151027712 0 0 0 0 1073741824 0 0 131072 0 262146 0 0 0 2216689712 33554464 2097152 138544128 2097152 2155872384 8 35072 0 0 1048640 262144 0 131072 0 33554432 16777216 4 0 0 0 671088640 2162688 32768 0 17825792 8392864 4 536870912 8388608 131072 2147484160 0 25182464 0 1048576 0 0 0 0 8200 0 0 33554432 0 131072 0 134217730 1671168 2114 0 16640 1376512 4096 134217728 2147483712 1134616 1048576 1207959552 131216 0 285212672 72 1052800 1077936128 1 5120 8192 0 0 25296896 128 524288 2147483648 0 524296 0 262160 8388608 0 268435456 50331686 1040 0 268435584 524288 20971520 0 0 67108864 67108864 0 0 262146 17891328 33024 2 0 200 49152 339738624 18 294944 0 0 0 2228224 3590324224 0 589824 1342177280 0 4427776 2684354560 2 16777216 32 4786434 8388608 0 1 1140852736 16777216 128 4 1075871744 0 32772 8388608 16 262216 4980736 8 514 0 1114112 536870912 0 2148532288 524288 0 34078728 32896 0 0 262148 139264 2160066560 2684354560 0 32768 16777280 0 256 0 0 1073741824 0 3670016 0 1040 8389416 554696704 64 8192 2147483648 134217728 48 535040 0 2 2 603979776 48 64 469762048 1 32 0 16777216 512 8 4202496 67584 0 8392704 128 0 0 45056 163840 512 0 0 0 4210688 16777216 269500416 0 2148532224 16777344 1055232 33554432 262144 0 1157890048 0 0 0 4096 0 8192 296960 0 0 0 16384 67108864 536870912 0 0 0 537001984 0 0 8208 1688209408 1091076148 2097216 8311 268435456 0 147968 2147483648 0 0 295698432 0 22 69632 545259520 8 32 1207959552 4 263168 3087007744 64 262144 0 68190208 8389120 0 0 0 2147483648 1310848 335741952 0 0 0 139264 0 4194432 0 0 4096 0 268451840 4 4096 1048704 1073750016 2155880448 2621440 536870980 131080 134742016 0 16384 0 2147483648 128 2146436 2048 36 513 8425472 1207959560 0 37748736 4325376 2048 131088 34944 0 4096 0 1075838976 0 10485770 0 0 0 34078720 64 0 2048 131072 0 0 0 0 16842752 48 134219280 1077936132 536870912 128 282624 3225419776 8 2048 1048576 134217728 8 66048 683671552 0 4224 2097152 4 3673088 1879048192 0 67108864 0 33554944 131072 16384 16384 67108864 134217728 33554688 0 0 4198400 0 524352 0 8388608 131072 256 276824066 16385 0 16777216 8388608 268960770 16795776 0 161 262784 557056 0 16416 1090851328 0 0 65584 402669568 603979776 294916 0 12 4194320 134217728 555745280 2149580928 524288 327680 2151677968 8 64 539492352 192 16 2147614720 0 139520 0 0 2 277872640 0 4 0 1124597760 0 131152 202375168 0 0 396288 0 0 4096 889192448 2 1677312 0 2 2163040 545275904 131072 0 131072 4194304 16 4456448 264 262144 0 0 4096 0 128 0 16777216 32768 0 0 262144 0 2147484672 0 1 33571968
is_linear=0
shrinkage=0.05


Tree=7
num_leaves=31
num_cat=22
split_feature=2 8 11 8 2 11 11 15 15 11 11 11 15 5 15 15 15 2 15 11 11 15 11 11 11 39 20 31 15 15
split_gain=566.965 142.264 110.041 101.063 100.447 96.1073 95.6264 93.3794 81.9582 79.5793 78.0002 76.8522 67.4491 56.6184 64.0463 60.7096 47.7592 43.3168 56.2823 43.3678 42.1063 40.8117 39.8033 36.3271 35.392 34.446 32.4001 31.8818 27.1878 26.565
threshold=11.180000000000001 70000.500000000015 0 50712.000000000007 16.075000000000003 1 2 3 4 5 6 7 8 9 10 11 12 7.8900000000000015 13 14 15 16 17 18 19 40.500000000000007 11491.500000000002 4.5000000000000009 20 21
decision_type=2 2 9 2 2 9 9 9 9 9 9 9 9 9 9 9 9 2 9 9 9 9 9 9 9 10 2 8 9 9
left_child=3 2 -2 7 5 21 -3 26 -7 -9 -10 -5 -6 14 -8 -15 -11 -13 -19 -20 -14 -4 -16 -18 -17 -22 -1 -23 -26 -24
right_child=1 6 4 11 12 8 13 9 10 16 -12 17 20 15 22 24 23 18 19 -21 25 27 29 -25 28 -27 -28 -29 -30 -31
leaf_value=0.017980550506848218 -0.028439319821570413 0.03502456953199895 -0.00063125236055712984 0.019195512453367175 -0.011313173433605281 -0.021567253012844036 0.024632381874701213 0.038433922124108011 -0.022415391781795777 0.013823932131370162 0.015432835290340225 -0.036913476238888569 -0.0052480399394927218 0.045769288406081174 0.015727028782632841 -0.031255996892761873 0.017518151668256873 0.013615668169137805 0.013722842432862294 -0.027178711948704793 0.045201503349999769 0.028601074420769913 0.0082487974974627086 -0.020244233947785597 -0.02460837850068566 -0.024069786988874249 0.070778619541349466 0.068849428816769795 0.012148506587218512 -0.025786192754429928
leaf_weight=99.712829075753689 123.97625747323036 145.32942283898592 54.454721093177795 93.246948815882206 75.89006519317627 183.31742860376835 87.781407058238983 68.41326167434454 139.48710904270411 131.50776296108961 1851.0921916589141 646.23932952433825 55.23194282501936 74.765724681317806 71.068054638803005 67.930543765425682 63.367807671427727 106.70720245689154 67.970704175531864 897.7946759685874 617.7294864654541 77.897746898233891 63.781438365578651 934.54749152064323 51.351766712963581 18.483170166611671 41.006576187908649 133.56738838553429 286.90340900421143 627.96607536077499
leaf_count=914 1121 1213 440 874 631 1650 787 610 1262 1238 15625 7041 443 609 643 624 593 1021 632 9042 4668 624 592 9234 451 142 376 1061 2431 5974
internal_value=-3.72906e-05 0.0107656 0.0164924 -0.0165236 0.018261 0.0133556 -0.00215128 -0.00610447 0.00970824 -0.0106525 0.0126819 -0.0242206 0.0340964 -0.00642357 -0.0141281 0.0072126 -0.013937 -0.0265334 -0.0205261 -0.0241889 0.0386846 0.0412559 -0.0188495 -0.0176963 -0.000813654 0.0425207 0.0311525 0.0515837 0.00602192 -0.0225752
internal_weight=7958.52 4808.01 3331.13 3150.51 3207.15 2439.82 1476.88 1338.56 2173.9 1197.84 1990.58 1811.96 767.335 1331.55 850.597 480.951 1129.42 1718.71 1072.47 965.765 691.445 265.92 762.816 997.915 406.186 636.213 140.719 211.465 338.255 691.748
internal_count=72566 40991 27667 31575 26546 20662 13324 12965 18537 11675 16887 18610 5884 12111 7996 4115 11065 17736 10695 9674 5253 2125 7209 9827 3506 4810 1290 1685 2882 6566
cat_boundaries=0 26 52 78 95 113 139 165 190 208 209 226 244 262 279 305 332 350 376 402 427 445 462
cat_threshold=8388608 1073743872 65536 2147483648 0 16793600 0 32769 34603072 0 0 0 1074790532 0 0 16400 532480 0 4352 134217728 2162944 64 0 1048576 0 131072 1048608 536870912 0 0 1073741824 0 128 0 134217728 6309896 0 0 16 0 0 0 16777216 8192 16384 262144 512 0 0 2153848864 1174439945 33554432 2 2147483648 4456464 0 0 2048 4096 0 0 134259232 0 512 0 163840 0 0 0 0 0 262144 0 0 139280 618926080 33556480 2098176 570425344 129 131584 134217728 0 136 8388608 6291456 0 69632 1054720 32 11136 8388608 1073741824 1026 1367343104 0 0 832 147456 0 3 32768 537395200 564 787012 2097152 10 32768 917504 32 786432 0 16 0 8388608 1048580 16779392 134217728 262160 8388608 2415919104 262144 17039370 0 0 128 131072 0 0 2048 67108864 67108864 0 1048576 2 1049600 524288 268435488 41943040 2 134217728 2097152 33554432 1048576 34816 0 34080768 262144 536870912 2 134217728 33554432 0 0 2151677956 0 1097728 8388672 0 36896 268435456 0 0 2149646464 2048 4194562 2147483648 131088 134742272 0 0 64 0 6819840 8396800 0 128 1073741824 524288 4325376 0 16777216 0 4096 0 0 0 17891328 32816 3 0 1062 2097696 1048576 8 8448 1073874944 0 16 8704 0 0 10752 2147483648 1 8390144 134217728 8 4218816 2550136832 32 1196040 786432 0 16514 4608 268435456 0 1048612 1073741824 5 5120 0 20 1050640 144703488 4194304 26 262144 806354944 1073741824 132096 5373952 603979776 1 147456 67108864 0 2344 67108864 0 69888 0 4 1141899264 2147485184 4120 2151677952 40 65536 512 2483027968 0 17024 33554432 134217732 65540 171966464 0 0 2151677952 64 524288 328 16384 134873088 0 17 168034336 0 304 2392064 17956864 16 33 98304 134217728 8 541065216 524800 9216 16384 16 0 0 516 268435456 545259776 117506214 0 0 71303168 0 0 0 0 131072 0 2 16385 0 0 128 1073741824 8389634 4096 1049600 268435456 16777216 0 2147745856 0 135397376 0 4194433 1024 0 16777216 0 25165824 0 0 0 0 0 524288 2180 0 262144 32832 2097282 2 0 25 131072 2952790016 0 8448 33554432 0 403 2228224 2147483648 1 137216 335544320 11 2097152 2147483648 20 2359296 71303168 1048580 33554432 0 143654928 1026 671088640 0 0 0 0 0 0 128 536870912 0 131072 2304 2 1049088 0 18432 2147483664 4240 1 8388608 0 67141648 0 2 2048 16 1073741824 128 301989888 1024 0 268697600 0 33554432 4194432 0 0 512 134217728 0 262144 16777216 262144 33557648 6291456 0 4194816 33638400 0 0 8421632 0 135266304 16384 17408 0 0 0 0 0 1174405120 0 131072 0 268435456 256 8 18432 32 17891344 268435456 0 82944 0 0 2560 40960 402653184 0 41984 830472192 0 8192 715128832 0 0 0 3 0 136 528784 2164260992 1073741824 4113 268435456 2097152 64 524352 37748736 0 172040 262144 1 0 16777216
is_linear=0
shrinkage=0.05


Tree=8
num_leaves=31
num_cat=19
split_feature=2 2 11 11 15 11 8 11 33 11 15 11 42 11 15 15 15 15 11 8 11 15 10 15 11 8 40 70 13 68
split_gain=518.325 183.881 115.766 99.6638 90.9514 90.9853 88.7001 76.7153 72.9768 72.1988 70.577 68.2707 64.2726 77.0716 60.7858 60.7614 55.9435 54.2385 53.0446 43.2476 53.6327 48.9678 33.5212 30.6139 30.1278 25.4164 24.2978 23.1468 21.3334 20.2937
threshold=13.615 9.3250000000000011 0 1 2 3 43290.500000000007 4 87.500000000000014 5 6 7 16.500000000000004 8 9 10 11 12 13 57003.000000000007 14 15 16 17 18 89959.000000000015 18.500000000000004 0.37066905615292717 13.255000000000001 0.099999183340005515
decision_type=2 2 9 9 9 9 2 9 8 9 9 9 10 9 9 9 9 9 9 2 9 9 9 9 9 2 10 2 2 2
left_child=1 11 23 16 -5 -6 9 -8 29 -4 -11 -1 13 -10 28 25 -2 -14 -12 20 -16 -22 -17 -3 -21 -9 27 -18 -13 -7
right_child=3 2 6 4 5 8 7 15 12 10 18 14 17 -15 19 22 26 -19 -20 24 21 -23 -24 -25 -26 -27 -28 -29 -30 -31
leaf_value=0.020410109829096374 -0.0066921194894336792 -0.017188696379873174 -0.031525153227272978 -0.022041946784500138 -0.027957577443086291 0.019787616474870529 0.028886793855924454 0.029856219876626251 -0.018287464593617294 -0.019433448765674037 0.051517355889512652 -0.0064418333224005074 0.036746208644588024 0.022819575098377936 0.021792053626639333 0.0021141015490808886 0.029232768493852597 -0.0057131313165720244 0.012708904116041669 0.0059369339532501474 0.012760344546614347 -0.026356414998622631 -0.019745334336508248 0.04045308310933593 -0.035882484267541849 -0.014885998533023932 -0.030201339261830929 0.063286378890209605 0.038290025616619851 0.065490008477071496
leaf_weight=86.534858725965023 54.505036920309067 25.014394521713257 95.797945372760296 168.08722305297852 109.21861773729324 32.499246403574944 103.19484841823578 107.71097798645496 118.09196373820305 137.12183666229248 99.938259355723858 60.059235081076622 78.501535400748253 1613.6940099522471 71.190777242183685 207.03311190754175 65.594450496137142 491.20479856431484 587.34196028858423 49.795102626085281 88.168510213494301 701.60342048108578 1355.6246874630451 181.68886735290289 857.67407651245594 45.002393312752247 8.6023540720343572 208.56338283419609 47.921922408044338 96.157698825001717
leaf_count=820 418 213 875 1496 981 264 924 970 1015 1247 823 604 641 13162 700 1953 507 4082 5125 519 859 7185 13054 1544 9310 418 66 1581 468 742
internal_value=-4.59612e-05 -0.0100992 -0.00219885 0.0161609 0.0127988 0.0151824 -0.0049583 -0.0113772 0.0172279 0.00767323 0.0124595 -0.0219539 0.0152502 0.0200426 -0.023889 -0.0138868 0.0415396 0.000682188 0.01901 -0.0261537 -0.0182741 -0.0218846 -0.0168542 0.0330062 -0.0339177 0.0156468 0.0507478 0.0551388 0.0122735 0.0539454
internal_weight=7953.14 4908.42 2945.47 3044.72 2707.46 2539.37 2738.77 1818.57 2430.15 920.2 824.402 1962.95 2301.49 1731.79 1876.41 1715.37 337.265 569.706 687.28 1768.43 860.963 789.772 1562.66 206.703 907.469 152.713 282.76 274.158 107.981 128.657
internal_count=72566 47611 27146 24955 22383 20887 25389 17319 19906 8070 7195 20465 18900 14177 19645 16395 2572 4723 5948 18573 8744 8044 15007 1757 9829 1388 2154 2088 1072 1006
cat_boundaries=0 26 52 70 95 121 147 165 191 217 235 253 271 288 314 340 357 358 375 401
cat_threshold=0 2147483648 17 16777216 0 0 64 268435456 4210688 52463616 0 0 32768 131072 0 0 16777233 0 67109376 0 1064962 0 1048576 1075839264 2048 1073741824 0 536879104 50331648 1 0 0 65664 0 1 2151680544 8 0 16 0 33554432 0 0 0 0 262656 512 0 131072 2220924928 167774224 64 17829888 1342177280 2848 147456 67108928 8201 2281703424 33816576 48 1024 2228224 0 2 8388608 1 512 4194304 8 4194304 1073741824 134287360 2147484160 2147483648 16777216 16385 68157441 2181562368 67108864 0 1024 136 0 0 1073758208 524288 0 67109120 1 32768 64 0 524288 65536 2097728 16384 524288 143130624 8 264192 4 0 539000832 130 0 128 0 0 16777216 0 0 131072 0 2 0 0 135168 65552 536870914 1065984 16384 71434240 16779264 2189459456 0 2048 512 167774208 0 192 0 0 0 0 16777216 4 0 0 0 0 2162688 0 131072 2181038080 524292 3672064 0 0 164096 536870912 1 65600 4456448 0 0 788992 16777216 11 131136 67108864 6 933888 134217728 13 131456 0 33685504 2180 0 6160 0 2147483648 4096 67117088 16 0 0 524288 131072 0 2048 0 0 8 0 8194 1115136 0 19 8388608 2097280 512 131072 0 0 320 12 0 128 536870932 32 0 262148 0 0 2214592512 0 32768 536875072 258 0 0 2097184 16384 16642 4096 538443776 3305112576 524288 256 4194336 66048 134217728 2097152 96 0 2147497984 142606356 262272 0 16 2 524288 64 0 0 25088 128 1073741824 131216 0 83886080 0 2113696 270729216 0 33 65536 1073741824 1028 738459648 128 536870912 164 33280 2415919104 0 1024 610271232 3221225472 132 32768 1627389952 1 77824 33554432 0 10240 2147483648 32 0 0 263168 1048576 1 150528 4792320 0 192 1442048 314572800 0 1024 1207959552 0 8256 2684354560 524288 1572864 276840480 0 0 2097152 8392704 537919488 0 67461152 0 0 268435456 0 0 2147483648 12582912 0 0 0 512 4 0 536870912 1342210080 4608 2048 8390656 2147483648 0 8 0 64 1241776128 262144 262216 0 0 0 65536 0 536870912 0 131072 0 536870912 269484064 0 16777216 873201664 167775232 4 1241513984 384 548 134479872 0 264 8651776 0 0 65664 84017152 0 67592 9437184 10 384 1149239296 2952 0 1 1124352 805306368 0 0 0 0 0 0 402653184 0 2048 3791650816 0 262144 1073741824 2 2147520512 278544 537395456 0 0 8393232 8519680 8913024 536936448 0 4096 16777216 131072 4194304 0 0 0 0 0 0 0 0 32896 1056768 2098304
is_linear=0
shrinkage=0.05


Tree=9
num_leaves=31
num_cat=21
split_feature=5 68 8 11 11 15 11 15 11 11 15 2 15 11 33 15 15 11 15 11 15 33 15 16 15 11 11 16 8 64
split_gain=470.215 118.108 115.788 109.617 96.7735 88.7108 87.869 74.6723 69.2952 67.0664 65.2576 60.3895 61.4883 58.67 57.4758 62.691 47.987 49.8713 44.1882 49.9764 36.0342 35.3459 33.7471 33.3431 33.3399 32.4985 30.976 27.8354 27.7824 25.3267
threshold=0 0.27194325482994269 43290.500000000007 1 2 3 4 5 6 7 8 7.8900000000000015 9 10 98.500000000000014 11 12 13 14 15 16 1851.5000000000002 17 1.5000000000000002 18 19 20 1.0000000180025095e-35 85002.000000000015 11304.500000000002
decision_type=9 2 2 9 9 9 9 9 9 9 9 2 9 9 8 9 9 9 9 9 9 8 9 2 9 9 9 2 2 8
left_child=2 3 4 20 -1 -3 27 23 22 -7 -6 24 29 -14 -10 -16 -11 -18 -12 -20 -2 -19 -9 -5 -8 -15 -21 -4 -22 -13
right_child=1 5 6 7 10 9 11 8 14 16 18 12 13 25 15 -17 17 21 19 26 28 -23 -24 -25 -26 -27 -28 -29 -30 -31
leaf_value=0.042653934703665117 -0.0074000133847864488 -0.022167081009386396 0.00063676534354646858 0.016639266612178419 -0.033003775715997136 -0.022020961442012574 0.0043746670311398637 0.018990834705548729 0.037872781213722263 0.057143911604300185 0.02750800796511356 0.058889627473684474 0.015389645075078968 0.002978139240402927 -0.021199033741315272 0.0046357028714618699 0.053254907748202254 0.037592453705954425 0.033707820549637856 -0.035692612536230753 0.058513322262578826 0.011742715386279072 -0.031352088614051081 0.05279080925345804 -0.036612668965420821 -0.024931287489411529 -0.0041735182247451732 0.045726106248536492 0.016746266224180573 0.0053413957342905273
leaf_weight=107.78486531227827 41.123766236007214 86.508720621466637 82.064609810709953 208.23908523470163 165.30255268514156 56.02761285007 59.119897894561291 35.415951862931252 115.82896622270346 175.77823607623577 119.08492287993431 27.579921752214432 107.60430604964495 119.75359676033258 254.0204584300518 2121.164742782712 140.95099783688784 192.25071481615305 68.585393160581589 81.459394358098507 158.65223268419504 423.65688414126635 213.17985179275274 91.94188841432333 681.45323269814253 1199.3971156254411 591.58475766330957 58.72081857919693 53.153693735599518 110.76003978401423
leaf_count=906 322 725 758 1711 1647 476 642 319 903 1349 1064 255 1003 1140 2202 17955 1085 1499 609 797 1215 3487 1973 745 7761 12312 5686 540 435 1045
internal_value=-5.54802e-05 0.0109441 -0.0134678 0.00627089 -0.000297227 0.0253575 -0.0196268 0.00355867 0.000921791 0.0294424 -0.00517461 -0.0219173 -0.0164461 -0.0194574 0.00346629 0.001803 0.0327348 0.0263946 0.000487716 -0.00415924 0.0372536 0.019495 -0.023723 0.0268186 -0.033776 -0.0223943 -0.00845502 0.0181538 0.0458662 0.0149372
internal_weight=7948.15 4367.89 3580.26 3292.72 1133.8 1075.17 2446.45 3039.79 2739.61 988.664 1026.02 2305.67 1565.09 1426.76 2491.01 2375.19 932.637 756.859 860.714 741.63 252.93 615.908 248.596 300.181 740.573 1319.15 673.044 140.785 211.806 138.34
internal_count=72566 36401 36165 27780 10709 8621 25456 25808 23352 7896 9803 24158 15755 14455 21060 20157 7420 6071 8156 7092 1972 4986 2292 2456 8403 13452 6483 1298 1650 1300
cat_boundaries=0 1 27 53 70 96 114 139 165 183 200 226 244 261 287 304 330 347 365 382 408 434
cat_threshold=255 64 2701139968 0 134217728 0 4194304 65536 0 136364033 545 0 0 0 0 0 0 16777217 0 0 262144 512 0 131072 2149621760 33556504 33554496 524288 0 272629760 16777216 0 16 0 2147483648 0 50661408 0 0 268435456 32768 0 0 2048 0 67108864 268435456 0 262144 19991552 269225984 0 1115685376 2415919104 32 2101536 524288 0 1067 34816 73400320 160 8397824 0 0 131088 9437184 0 64 281018368 768 0 131088 524352 268435456 0 64 0 541065216 2197815296 80 0 0 268959744 4194304 0 17 0 0 0 16384 2 1048576 69206064 8211 8192 2147483648 0 94208 1081344 16 50208 0 268435456 8 11534352 266240 33 524328 3145728 0 0 2147483648 320 0 142606336 0 2148007936 1048576 16826432 0 1048577 570425472 369098752 0 131072 33554440 33554432 8388608 3221225472 0 0 536870912 268959744 81952 0 0 0 65536 2359296 0 65536 0 0 4210688 16384 202375168 1638400 2 0 0 4096 8192 2147483648 0 8388608 0 0 3 2621440 0 16777216 256 2155872256 2050 0 4 5505024 603979776 4 1092 135528448 0 5 2629632 134217728 1 132096 69206016 0 933888 0 49 0 256 16384 2147745792 33554434 1152 16777520 16777216 128 2097152 141312 0 542741 67174400 2 0 671121408 262144 525312 32769 0 134217728 16 528 167772160 0 67110048 256 0 4232 0 0 4194432 0 131072 0 2 0 0 200704 128 0 2113538 603979776 516 4194304 16384 10 8200 2147483776 67633152 32 8 0 10 4102 8454144 17 8200 1275068416 1 0 704 4235264 2415919104 10 147456 16777216 0 325 1048576 268435456 4 1024 1358954496 12 74752 603979776 4096 0 50364416 524288 134217728 0 0 0 8320 18816 0 0 16 0 0 0 0 0 0 0 32 16 139296 71503904 1209042944 1057280 536870912 193 520 134217728 16 37256 2228736 2147483648 96 256 0 134217760 2312 0 0 2130178 276824064 0 8396800 50331664 640 0 262144 1024 1342177280 0 270548994 0 0 0 16384 25165824 0 4194304 131072 0 537133056 0 134 0 8388736 285213696 128 2147483648 9 2207744 2415919104 0 1536 33554432 0 4 17408 134217728 1 8192 1644167168 0 10752 536870912 0 12 262144 1681915904 0 0 134742016 0 0 0 1342177280 0 2048 276824064 0 139264 134217728 36 1076363264 0 524288 2147483648 8 514 201330752 524288 64 2162704 3492806656 0 16385 2147483648 0 1048576 1083179008 2688000 134365184 8 512 128 262144 0 269484032 8392960 557066 0 0 16777216 131072 128 536870912 0 0 4096 0 268435456 0 2048 1073774592 96 1024 262656 67108864 65536 1107820544 0 96 2097152 0 16392 64 0 0 8192 8192 33554944 3221225472 2147483648 0 64 0 2097280 16 131072 2147549200 288 524292
is_linear=0
shrinkage=0.05


Tree=10
num_leaves=31
num_cat=22
split_feature=2 8 11 31 2 11 11 11 11 15 15 15 11 11 11 15 15 11 8 11 33 15 5 15 15 8 8 11 15 5
split_gain=431.052 115.827 95.76 88.1847 86.2862 80.8428 77.9166 77.5416 71.6785 71.0131 70.598 62.4005 61.6872 53.6164 51.5829 50.3043 41.6998 39.8909 37.7638 47.6187 36.5125 36.1999 33.0224 40.4563 37.1238 32.9784 31.008 29.4195 28.3396 26.748
threshold=11.180000000000001 70000.500000000015 0 4.5000000000000009 7.8900000000000015 1 2 3 4 5 6 7 8 9 10 11 12 13 88010.000000000015 14 539.50000000000011 15 16 17 18 48502.500000000007 27618.000000000004 19 20 21
decision_type=2 2 9 10 2 9 9 9 9 9 9 9 9 9 9 9 9 9 2 9 10 9 9 9 9 2 2 9 9 9
left_child=4 2 -2 5 13 16 -3 -5 -6 -9 -7 -10 -12 25 -13 -8 -4 29 19 -16 -11 -15 24 -24 -19 -1 -18 -23 -20 -17
right_child=1 6 3 7 8 10 15 9 11 20 12 14 -14 21 18 17 26 22 28 -21 -22 27 23 -25 -26 -27 -28 -29 -30 -31
leaf_value=0.066181870717022778 -0.030441901769984948 0.031471866817025899 -0.0092733770724034766 -0.025458294710348429 0.026956947608261894 -0.019016016636035894 0.021684118590134353 -0.0072991355750988991 0.017399915849055678 0.065323575582994398 -0.028472745054203375 0.01840088715592051 0.012798284605342276 0.005717813521188179 0.019376710468604303 -0.0025130092741475932 0.098621822485722196 0.013438150740358513 0.0077087893981596586 -0.015400777406624117 0.035674365358039618 0.0048583450268662228 0.028203615974537806 -0.0089338355709753878 -0.024452661301801598 -0.0102050550147256 0.040777894453852853 -0.033609034045321527 -0.036988344498773466 0.048310143250128446
leaf_weight=25.047112263739109 108.50831260532141 141.67654186487198 43.730314344167709 52.755986019968987 124.1703669950366 208.17778122425079 134.60377384722233 87.940651915967464 167.59323359280825 134.73154577612877 86.333441808819771 108.12025206536055 2013.1594198197126 74.900887243449688 100.80682181566954 62.067478038370609 26.131618402898312 70.292201101779938 43.420175969600677 1128.3440230339766 452.84973429143429 57.588525772094727 79.045906819403172 408.44545247405767 550.08671832084656 32.416619442403316 204.32047121971846 901.85082486271858 275.60375451296568 38.081792205572128
leaf_count=222 1001 1134 333 427 1081 1805 1147 713 1574 1015 752 1007 16335 768 944 546 188 647 450 11375 3554 619 635 3571 5333 325 1544 10279 2931 311
internal_value=-6.37692e-05 0.00910787 0.0141717 0.0156788 -0.0148565 0.0113918 -0.00255518 0.0310922 -0.00855009 0.0353619 0.00819841 -0.0110546 0.0109742 -0.0261089 -0.0140209 -0.00633303 0.0366337 -0.00960724 -0.0163887 -0.0125162 0.0417621 -0.028566 -0.0123839 -0.00246619 -0.0200144 0.0196676 0.0453683 -0.0312738 -0.0318227 0.0194439
internal_weight=7942.8 4902.94 3418.64 3310.13 3039.86 2581.85 1484.3 728.278 1948.06 675.522 2307.67 1823.89 2099.49 1091.8 1656.3 1342.62 274.182 1208.02 1548.17 1229.15 587.581 1034.34 1107.87 487.491 620.379 57.4637 230.452 959.439 319.024 100.149
internal_count=72566 40991 27667 26666 31575 20957 13324 5709 19362 5282 18892 18281 17087 12213 16707 12190 2065 11043 15700 12319 4569 11666 10186 4206 5980 547 1732 10898 3381 857
cat_boundaries=0 26 53 79 106 131 149 167 184 210 236 262 279 297 322 348 365 366 384 401 427 444 445
cat_threshold=8388610 1073743872 65536 2147483648 1 16793600 0 32769 33554496 0 0 0 1074790532 0 0 16404 532480 0 4352 134217728 2097152 268435520 0 1048576 0 131072 1056 537395712 1073741856 2097152 0 8388608 0 0 16384 2157987872 64 0 0 0 33554432 0 0 8192 512 512 512 0 524288 2149654560 1073743872 33554432 2 2 2147483648 4456464 0 0 2048 256 0 0 134226464 0 512 262144 32768 0 0 0 0 0 262144 0 0 139280 618926080 33554432 2098176 264192 512 0 0 134217728 8388608 0 343932928 0 67641504 0 0 0 0 0 536870912 0 0 0 256 557056 2 32 262144 2164271104 4608 2 524288 2148007936 16384 524296 0 16 8388608 0 268435456 33554438 1040 128 128 532480 20971520 0 0 0 67108864 0 0 262146 17891328 33024 34 0 1060 10486272 2155872256 32 270338 75497472 704643072 0 8389632 545259520 2 32896 603979776 2 2097152 1476395008 16 269484032 0 133888 131072 134217792 65537 2147487872 0 20 524804 0 10 8192 134479872 1 17028 0 16 0 1040 131584 2147483648 0 8 256 2164260864 256 118916 17827840 40 37 8462336 1207959552 0 541097984 4194304 0 1048576 536870912 536870912 128 16386 64 0 536870912 2 0 33554432 0 2147483648 67108864 16388 16826368 549453856 0 65792 0 0 8388608 128 2097152 4325376 2048 131080 34944 0 4096 0 1075838976 0 10485770 0 0 0 34078720 64 33554432 16779264 131072 0 0 0 0 0 16 402654736 1077936132 0 1024 1081345 0 0 0 16 2147483648 541343872 285221888 0 0 0 147456 0 67108992 0 67141632 4096 0 0 4 2102272 0 0 16384 2281701376 280 262144 2684354560 1207959552 131202 536870912 536870912 64 3145728 0 0 134176 8192 1073741844 2320 134217728 0 262 196608 167772160 2 18432 11010048 0 387 32768 536870912 0 135168 0 3 0 536870912 32 3145728 369106944 32772 1 0 1141899280 65538 0 32776 4227073 0 0 33554432 2097152 0 0 0 0 0 0 16896 0 1114112 2147483648 2147485844 512 8388608 100663296 0 134348800 262144 64 4194304 0 393728 0 0 272662528 0 33555072 4194304 0 0 0 256 1310720 0 0 4224 1077946369 8388610 1093664768 128 524290 327680 4194320 4096 0 537526272 128 16 2214723584 0 155904 0 0 0 278396928 20352 0 0 0 19922944 536870912 1092 13778944 2155872256 1 147456 68681728 0 264 67108864 0 594944 0 4 268435456 160 151960 0 0 16449 4096 1342177280 128 262244 1247805440 1 32768 0 1 1048576 18874368 0 1081344 2147483648 18874368 134217728 0 128 2424307712 1536 553910305 256 0 0 2097152 0 0 16384 1 0 0 0 0 2164326400 268959744 2052 41943041 0 0 77824 196608 2147483648 3218 7602176 1746927616 0 0 2147483648 0 1040 0 0 528896 136839168 8959872
is_linear=0
shrinkage=0.05


Tree=11
num_leaves=31
num_cat=22
split_feature=5 2 11 11 15 15 11 68 15 11 15 15 11 11 15 11 64 15 8 11 15 15 15 68 11 13 11 68 16 11
split_gain=396.386 142.199 96.8571 83.246 72.8751 72.8026 71.0834 69.1114 68.4249 70.2199 68.4225 62.8541 56.8772 51.5909 49.4063 49.6764 44.2066 42.3558 37.9543 48.3958 44.5093 35.0962 33.1863 34.8126 28.3107 27.7441 27.2276 26.8219 24.309 23.9613
threshold=0 9.3250000000000011 1 2 3 4 5 0.31907653645710993 6 7 8 9 10 11 12 13 6998.0000000000009 14 64837.000000000007 15 16 17 18 0.18181515156607311 19 22.775000000000002 20 0.36975431175445356 2.5000000000000004 21
decision_type=9 2 9 9 9 9 9 2 9 9 9 9 9 9 9 9 8 9 2 9 9 9 9 2 9 2 9 2 2 9
left_child=1 11 22 17 27 -5 -7 8 -8 -10 -9 -1 -6 -13 26 -16 -12 -2 19 -15 -21 25 -3 -24 -23 -20 -14 28 -4 -19
right_child=3 2 4 5 12 6 7 10 9 -11 16 13 14 18 15 -17 -18 29 21 20 -22 24 23 -25 -26 -27 -28 -29 -30 -31
leaf_value=0.014453703101779175 0.076109814513874621 0.061168231453062431 0.012071355088172468 -0.020338071703606582 -0.02969182578485996 -0.027630179249631345 -0.013485294196166613 -0.012586110322436134 -0.021044529958901433 0.016326606061317427 0.085837907012521475 0.020757679033160819 0.016304129964685016 0.01788337953802378 0.025211508826781595 -0.0044747354555607086 0.034869887168199706 0.010872682838076807 -0.001731828932172297 0.012698004681298451 -0.024748817463791695 0.007187790717235353 -0.0039072507408397326 0.039507265883573721 -0.038770160611279574 0.13682059761127835 -0.030258853735287201 0.082932037309728021 0.074844219937425113 0.043569849935141208
leaf_weight=120.74717399477959 57.675012692809105 52.188271604478359 217.82309105247259 170.77470237016678 256.62193536758423 97.580263458192348 254.01530574262142 72.328861482441425 128.02604395896196 1835.9449695423245 49.211122520267963 62.095117807388306 33.10822719335556 82.361152723431587 144.03714165091515 1657.4583162143826 313.98578020185232 145.3245776668191 51.924992874264717 85.663076929748058 811.69625001400709 39.353045560419559 98.849907800555229 86.651872031390667 615.85699658095837 3.8833351358771315 244.45231582969427 16.255465753376484 16.597971886396408 114.26817817986012
leaf_count=1228 404 435 1926 1527 2543 866 2134 559 1123 14718 350 579 305 834 1268 15466 2384 1067 579 863 8725 431 848 709 7175 40 2352 134 147 847
internal_value=-7.1489e-05 -0.00934268 -0.00227692 0.0133618 -0.00511149 0.0106282 0.0126172 0.0141954 0.0106732 0.0137962 0.0324588 -0.0200427 -0.00788301 -0.0223739 -0.00506186 -0.00197512 0.0406564 0.037443 -0.0240707 -0.0178312 -0.0210735 -0.0330068 0.0276196 0.0155351 -0.0359433 0.00670728 -0.0243309 0.020024 0.0165159 0.0263477
internal_weight=7936.76 4697.63 2824.04 3239.13 2586.35 2921.87 2751.09 2653.51 2217.99 1963.97 435.526 1873.58 2335.68 1752.83 2079.06 1801.5 363.197 317.268 1690.74 979.72 897.359 711.018 237.69 185.502 655.21 55.8083 277.561 250.677 234.421 259.593
internal_count=72566 46587 26133 25979 24141 23661 22134 21268 17975 15841 3293 20454 21934 19226 19391 16734 2734 2318 18647 10422 9588 8225 1992 1557 7606 619 2657 2207 2073 1914
cat_boundaries=0 1 27 53 70 88 112 130 156 174 192 218 244 262 288 306 331 349 367 385 411 436 461
cat_threshold=268436479 524288 2148024320 4325392 0 0 262144 2112 0 16384 570427524 0 0 32768 131072 0 0 1 131072 512 0 268435458 0 1048576 270533024 0 1073758208 0 8192 0 1 0 0 65536 0 276865025 2155872769 8 0 0 0 0 0 0 0 0 262144 512 0 139264 2221056000 201328664 64 0 1120 24576 0 16 147456 1074790400 285212672 1073741968 16416 1342187520 0 526597 0 0 4195328 2621440 17825792 1073741856 288 147456 67108864 1 3221228672 0 176 9216 163840 2147483650 0 65536 1 512 4718592 8 12582912 1073743872 134348800 576 2147483648 16777473 1 1 2181038080 536870912 0 1024 1073741960 33554432 0 2147500032 532480 0 0 1 0 64 1024 256 536870912 0 4325889 33554432 8 10248 16384 131072 64 72 537395200 0 32772 2172813312 0 8691720 1024 17 536870912 134283264 2162752 2147483664 5242880 0 1064960 2148532224 0 20 0 131072 8192 0 0 0 0 131072 0 2 32800 2048 0 524288 1130752 8404992 2147483648 258 267264 16777216 1 32 10092544 1140850688 8 4276224 218103808 0 8224 704643072 0 540672 268435456 64 537395200 3305113092 524288 256 20971552 66048 0 2162688 96 69632 2048 411041808 128 0 16 2 524288 64 2048 5243392 2162688 2147483648 0 671776 0 33554432 0 576 0 0 16777236 8192 128 0 0 0 64 131072 2162688 16 0 2181038080 134807552 2052 128 0 33685504 2180 0 4112 0 2147483648 4096 2214592544 256 0 65536 524288 131072 0 2048 0 0 8 0 8194 2148598784 0 18 8388612 8388608 4 324 553648128 0 266564 8192 134217728 0 8448 20971520 1073741824 131080 524288 0 2035840 0 9 2097152 41943040 1048577 10485760 0 64 262144 135266304 134217728 17301512 64 0 272629760 0 301989888 0 0 0 0 0 1048576 0 1024 1073741840 268435490 33554432 0 280 1179648 536870912 21 131088 159514624 0 256 18432 0 4 1568 2415919104 0 98304 1073741824 194 0 8388608 268435456 32768 128 2304 8388672 1113849856 262144 64 0 512 16777216 0 16777280 536870912 0 0 4096 536870912 1048608 0 16777216 604045312 33555456 167772160 256 60 150994944 2147483648 8 8396800 1077936128 0 131200 1161953280 6 8 1048576 0 0 1182793728 128 2097152 0 262146 196608 0 385 134250560 0 128 2654464 2701139968 2 16384 40960 1 1310728 0 16 0 132 32768 201326592 0 36880 14942208 2147483648 12 16384 1610612736 8 3328 335544320 1 1384448 134217728 5 262144 163840 278528 0 0 0 4608 8519680 8913024 16842752 0 131072 136 2228224 128 0 0 0 0 256 0 0 131072 160 1049344 1075838976 4096 570425344 83886080 0 0 0 0 0 8192 16925696 0 0 0 0 16777216 0 0 0 0 268435456 0 0 16384 4194304 32776 0 0 0 0 0 0 0 0 8192 8388608 0 0 0 0 0 0 0 0 0 262144 0 0 0 2218917888 2072
is_linear=0
shrinkage=0.05


Tree=12
num_leaves=31
num_cat=21
split_feature=2 2 8 11 11 11 15 33 15 42 11 11 15 15 15 10 11 15 15 15 11 11 13 64 21 15 11 39 9 12
split_gain=361.45 138.512 102.148 91.0143 79.8439 72.6488 71.993 63.6003 73.8143 66.4518 61.8984 61.4998 60.0881 59.7323 59.5187 52.5386 54.5093 48.1811 47.8747 46.349 45.3777 41.2645 23.1082 23.698 20.2993 19.834 20.1255 18.7823 22.4493 18.7589
threshold=13.615 7.8900000000000015 43290.500000000007 0 1 2 3 75.500000000000014 4 16.500000000000004 5 6 7 8 9 10 11 12 13 14 15 16 23.905000000000005 10829.000000000002 46.45000000000001 17 18 3.5000000000000004 19 20
decision_type=2 2 2 9 9 9 9 8 9 10 9 9 9 9 9 9 9 9 9 9 9 9 2 10 10 9 9 10 1 9
left_child=1 17 5 22 -2 -3 -7 27 -9 10 -10 -8 -5 -12 29 19 -17 24 -13 -14 -19 -16 23 -4 -1 -22 -27 28 -6 -11
right_child=4 2 3 12 7 6 11 8 9 14 13 18 15 -15 21 16 -18 20 -20 -21 25 -23 -24 -25 -26 26 -28 -29 -30 -31
leaf_value=-0.0010926821781888126 -0.025334672032027224 -0.030126994568175577 0.047702700966728052 0.012909135888624967 0.033511518367736033 0.040728247549489172 0.039137902042672479 -0.01822337115687412 -0.018488933239910001 -0.00070390896697740185 -0.0088754106082291288 -0.02413366027910805 0.046475245500362909 0.024013992663701685 0.024874967297888483 0.017440249301701568 -0.019719645151248195 0.015548039499220196 0.0064124171382257643 -0.0040115371631556547 -0.0024084523956963578 -0.011038364270850396 0.11046943862854837 -0.0089159247071172679 0.05671551957343738 0.00069505590903428782 -0.035193055873694361 0.028359585791543858 0.087687197886634496 0.049720433296612687
leaf_weight=75.336886331439018 122.45281512290239 108.39487335830927 60.874401204288006 213.40182505548 34.574780859053135 165.62748980522156 111.33148847520351 171.27479851990938 97.351436883211136 33.366818375885487 149.51988488435745 145.5010479465127 45.719198435544968 1793.6594048142433 86.310762912034988 99.546856068074703 1772.9477605819702 54.542694047093391 723.38815783709288 243.42938679456711 69.863870441913605 476.79283177107573 10.078466035425661 26.538351371884346 19.019890889525414 50.283439666032791 782.69032654166222 75.004388906061649 42.784502804279327 68.724168762564659
leaf_count=787 1145 1038 510 1972 249 1358 892 1463 846 260 1255 1372 430 13826 679 927 17828 537 6390 2367 771 3857 85 229 196 550 9372 545 302 528
internal_value=-7.27975e-05 -0.00874206 -0.00421982 -0.0101156 0.0130708 0.00740268 0.0111188 0.0146585 0.0130396 0.0150304 0.0195598 0.00575492 -0.0120718 0.0214508 0.00136201 -0.014586 -0.017662 -0.0247664 0.00108089 0.005258 -0.027956 -0.00519569 0.0351714 0.0305134 0.00954805 -0.0307258 -0.0330441 0.0461882 0.063474 0.0346475
internal_weight=7930.33 4778.52 3726.78 2472.54 3151.82 1254.24 1145.85 3029.36 2877 2705.73 2040.53 980.221 2375.05 1943.18 665.195 2161.64 1872.49 1051.74 868.889 289.149 957.38 563.104 97.4912 87.4128 94.3568 902.838 832.974 152.364 77.3593 102.091
internal_count=72566 47611 35398 24348 24955 11050 10012 23810 22714 21251 15927 8654 23524 15081 5324 21552 18755 12213 7762 2797 11230 4536 824 739 983 10693 9922 1096 551 788
cat_boundaries=0 26 51 77 94 112 138 164 181 199 216 217 243 260 278 296 322 348 365 391 392 394
cat_threshold=512 0 17 8912896 0 16 2112 268435456 406851584 50331648 16 0 0 131072 20971520 0 17 0 0 0 16384 0 1179648 2097424 2 24576 4194304 1073742336 134287360 2147484160 2147483648 16793600 1 68157440 2181038080 0 0 1024 1073741832 0 0 1073758208 524288 32768 67108864 1 32768 64 0 524288 65538 0 71434240 2048 2315812864 0 8421408 512 167772160 0 192 0 0 0 0 0 4 0 147456 0 16777216 2162688 0 0 2181038080 524292 1574912 536870912 577 67584 134217728 0 49184 3146240 2147483648 0 69632 301989888 0 2560 1342177280 0 108288 2155872256 4096 1073741824 8388868 8536064 67108928 8201 2147485696 67371008 32 1024 539099136 0 4098 0 2147483648 8389128 67174400 1 2097280 0 131088 33554432 0 256 16396 131072 0 67108868 32 0 262148 0 0 2147483648 0 67108864 536875328 258 0 0 32 16384 16384 16781312 0 8388608 268435456 2097664 0 134479872 8392704 2148532224 16384 84000 0 0 0 16384 0 0 4194304 32768 512 268435456 1049088 0 65536 0 49192 8389248 0 0 8704 2147483648 1107296256 1168 16777216 285212672 16777536 2621584 1058816 16 262176 65536 134217728 1032 201359360 1048576 4 1634 524288 0 2 201375744 0 144 524364 32768 0 4 9195520 33 8256 262144 8 0 0 50176 1048576 1 150528 151609344 0 64 1445904 46137344 1 1024 1207959552 1 2097152 2149580800 2952 2359394 148480 32768 256 8 4194304 0 131072 2359296 2097152 0 0 4259968 524288 0 128 0 131072 0 0 0 0 4096 32768 1611661312 2147484672 539492352 768 540674 65536 20971536 4608 142606336 538968064 65 16 2415919104 0 139264 0 0 2097152 278396928 0 1024 4227328 537395200 0 3152 262144 671088640 0 1573376 2097152 2 131072 83886080 2 933888 537133056 37 0 0 83968 8388608 0 0 4489216 8388608 1 72192 805322752 0 0 234881024 1 4456448 1073741824 3 0 0 2147614728 2132096 0 4096 0 2157969408 512 564133931 0 0 0 33554432 64 0 2048 131072 0 0 0 0 0 0 134217748 1073741828 2048 570949632 32 16 0 13107264 0 134217728 8192 4 0 0 20 8192 0 0 0 0 0 131072 513 4 24576 67174400 143130624 524801 1158676480 2149580928 2097152 2147745792 2147483656 128 67108928 1074266112 536871072 1 68288512 201326592 16640 1048576 0 2 8192 2048 8390656 0 536871168 134217856 0 16576 0 5121 2147483712 256 0 0 2228224 0 33554432 0 32769 0 2097152 0 0 2164330496 524320 268435456 41951232 1 1213465602 54273
is_linear=0
shrinkage=0.05


Tree=13
num_leaves=31
num_cat=20
split_feature=2 2 11 8 11 15 11 11 15 15 11 11 11 15 15 11 15 8 11 15 10 11 11 62 13 11 42 0 31 33
split_gain=334.542 124.438 85.6954 83.8335 77.6877 74.5288 72.0042 70.0319 65.9028 61.7865 61.4222 59.6451 49.1886 47.62 45.3303 45.3713 43.7463 41.1376 46.8037 43.5365 40.737 33.1642 31.8607 28.0257 26.409 24.1072 23.8481 23.0768 22.4386 22.2565
threshold=9.6350000000000033 14.440000000000003 0 45604.000000000007 1 2 3 4 5 6 7 8 9 10 11 12 13 57003.000000000007 14 15 16 17 18 38019.500000000007 16.265000000000004 19 8.5000000000000018 1612.5000000000002 9.5000000000000018 491.50000000000006
decision_type=2 2 9 2 9 9 9 9 9 9 9 9 9 9 9 9 9 2 9 9 9 9 9 10 2 9 8 2 10 8
left_child=11 2 16 5 -3 -4 -7 28 25 29 26 27 -8 -13 -12 -16 -2 18 -15 -20 -10 -21 -19 24 -18 -9 -11 -1 -5 -6
right_child=1 4 3 7 9 6 12 8 20 10 14 13 -14 17 15 -17 23 22 19 21 -22 -23 -24 -25 -26 -27 -28 -29 -30 -31
leaf_value=0.17757358004243354 -0.017751869058011377 -0.024342751702102955 -0.022150308900941763 0.0204626555186527 0.062882284319021681 -0.028119279773562118 0.04074250358005372 0.04848355219791356 0.0072822521839907466 0.07158828469664473 -0.019955621886084848 0.013720611046851723 0.0112060687530647 0.023204993908494675 -0.018064382260203373 0.014587803613991229 0.0325369694192554 0.010922174793367663 0.014167794652786898 0.0098197438254051615 -0.016253652434550406 -0.026200846740978886 -0.032429155585874468 0.0047577884256602672 0.074244620864467245 0.0064767393753974688 0.031084975017844664 0.018378580359030616 0.13973865288114731 0.031057262754666356
leaf_weight=2.3377704545855513 39.955482311546803 112.3485442250967 172.07403935492039 168.07317134737968 68.052217558026314 93.106743574142456 163.68656178563833 36.419741705060005 205.85010726749897 48.578077353537083 111.45329688489437 93.489619314670563 937.16294687986374 67.956831112504005 108.52533484250307 1366.1111770346761 91.481077827513218 45.519163995981216 88.3483951613307 70.850729323923588 1611.5438831672072 619.49426894634962 800.38013736158609 44.22251695394516 64.866499960422516 171.43636594712734 144.28444098681211 86.772555194795132 4.0377523228526107 285.03574250638485
leaf_count=21 330 1006 1565 1485 466 844 1258 326 1909 332 958 943 7893 683 903 10455 741 496 873 714 15562 6822 9630 364 510 1535 1031 823 34 2054
internal_value=-7.51794e-05 0.00564539 0.000136503 -0.00184611 0.0149822 0.00787546 0.0122854 -0.0078981 -0.0104943 0.0170884 0.0131207 -0.0185269 0.0159251 -0.020462 0.0097173 0.0120793 0.0284047 -0.0224196 -0.0147605 -0.0181388 -0.0135626 -0.0224166 -0.0303506 0.0380059 0.0498409 0.0157246 0.0392517 0.0202792 0.0219836 0.0361667
internal_weight=7923.46 6048.31 3803.92 3563.39 2244.39 1366.03 1193.96 2197.36 2025.25 2132.04 1778.95 1875.15 1100.85 1786.04 1586.09 1474.64 240.526 1692.55 846.65 778.693 1817.39 690.345 845.899 200.57 156.348 207.856 192.863 89.1103 172.111 353.088
internal_count=72566 51561 34356 32411 17205 11560 9995 20851 19332 16199 13679 21005 9151 20161 12316 11358 1945 19218 9092 8409 17471 7536 10126 1615 1251 1861 1363 844 1519 2520
cat_boundaries=0 26 52 70 96 121 139 157 183 209 235 253 271 298 316 342 359 360 386 412 438
cat_threshold=64 2147491840 17 256 0 4 64 0 402653184 33554434 0 0 32768 67108864 0 0 16777217 131072 67133952 0 268435456 0 1048576 1075847216 1073743872 33555456 2101248 0 196608 512 2147483648 16640 1 68419584 2181038080 2 0 0 8 0 32 1073741824 524288 131072 16640 134217728 65536 0 1024 524288 1052736 16777216 0 0 256 18350080 32 66049 0 536870912 4 788544 131072 24 393216 0 55 655520 134217728 5 2097152 0 33556480 2155872384 0 2304 0 301991936 0 64 0 0 4 35667968 0 4 0 0 64 536870912 81952 16 0 33554432 4096 2150631428 3146272 67125248 1074003968 8912896 0 0 4 268435456 4194312 2147516544 8192 0 0 8192 33554432 33554432 0 0 0 2 16384 0 20480 2218787072 4194306 0 192 24576 65536 1207959584 147456 2113568 553648128 200 66208 286277632 0 4096 1048576 4 0 545259520 128 0 24 294912 2415919104 23 131072 8650752 2147483648 260 3276944 33554432 8 0 1073741824 12 4390912 2147483648 68 0 536879104 33554432 136314881 0 1075838976 65536 4194304 8396800 4194305 8 0 0 16384 0 0 2147483648 0 0 262656 512 0 196608 69246976 28 64 4325760 0 33701888 2176 0 4112 0 0 266240 8224 0 0 0 524288 131072 0 2048 0 67108864 8 0 8194 66560 0 19 8388608 528384 34111488 268468224 0 0 0 8650752 1048576 16384 159008 0 0 268443648 0 0 0 12582912 0 0 0 512 2048 0 0 32800 8400896 524288 3305112576 524288 256 4194336 65536 134217728 2097152 96 16 1062912 142606352 278656 0 16 10 524288 64 556793856 1056 12583172 131072 0 10249 3221227520 8388608 16 1088 32768 134217728 1 8388608 0 8388608 4718592 8 64 1114624 0 0 0 8192 1024 0 525312 33587472 0 131072 8192 0 64 2147483648 0 32768 0 2 270057728 2056 0 0 768 16384 2 0 145 108544 536870912 0 64 33554432 536870912 2 0 16777216 0 143360 268435456 2 2097664 3221225472 58 0 8390656 4194312 0 8 264192 1088 2449735680 0 72 0 0 0 8192 0 536870912 0 131072 0 0 1048608 0 1048576 604766208 3076 2048 1779433472 256 131588 2290614272 0 264 0 0 0 196608 84017152 4 2056 8388608 8 384 1149239296 2688 1048576 67108864 269516800 0 0 0 0 1210056704 0 83886080 0 512 16777224 268517376 20971584 0 2147483648 67108864 4096 512 268435456 0 16777216 4112 167772160 33558656 2 2147521536 262160 537428224 0 0 8393232 8519680 8912896 606142464 256 4096 16777216 0 0 0 0 0 0 0 1 0 0 32896 1048576 2097280 0 537395200 2048 0 0 262144 0 134217728 8192 8192 0 0 0 0 67108864 2147483648 0 0 0 0 32 0 8192 4096 589828 524288
is_linear=0
shrinkage=0.05


Tree=14
num_leaves=31
num_cat=20
split_feature=2 31 10 11 8 15 11 11 15 11 15 15 11 68 11 15 15 64 10 15 11 11 8 15 68 11 11 17 64 21
split_gain=305.262 113.957 110.662 110.787 90.3816 85.5907 84.5519 75.7194 72.5943 72.5587 69.2754 68.586 59.5688 58.5318 51.8326 52.1442 48.7621 44.0715 36.5908 59.4425 34.61 27.934 27.753 53.7343 25.8717 23.4535 23.023 20.0115 19.2546 19.0884
threshold=9.6350000000000033 4.5000000000000009 0 1 50341.500000000007 2 3 4 5 6 7 8 9 0.13636136367455484 10 11 12 6463.0000000000009 13 14 15 16 50000.020000000011 17 0.45399885766793457 18 19 27.500000000000004 4994.0000000000009 31.850000000000005
decision_type=2 10 9 9 2 9 9 9 9 9 9 9 9 2 9 9 9 10 9 9 9 9 2 9 2 9 9 10 10 10
left_child=12 2 11 -4 9 25 -3 -7 -8 -5 -11 -2 -1 27 28 -16 -14 -17 20 -20 -18 29 23 -22 -15 -6 -24 -13 -10 -21
right_child=1 6 3 4 5 7 8 -9 14 10 -12 13 16 24 15 17 18 -19 19 21 22 -23 26 -25 -26 -27 -28 -29 -30 -31
leaf_value=0.018085661049124908 -0.022091520633762653 -0.032997936249614633 0.037376248581745389 0.034032343121301392 0.062627110633997687 0.019174726800588765 -0.015937315345381831 -0.014329275484240789 0.085288115680095727 0.029146219718684918 -0.0009811730399838538 0.029842582507313694 0.011667240139767067 0.058732269122566572 -0.010474335563344029 0.045025065435464043 0.011006600888305606 0.018038452385519325 0.046545418883889661 -0.00056154465898288007 0.024082384622769765 -0.021962392378949036 -0.00025895297260802337 -0.024338153181574156 0.15262981995347155 0.013798233500936339 -0.03613829358176561 -0.012734824622061445 0.044513639904568678 0.072302786833674845
leaf_weight=103.90473509579897 50.287837110459805 67.76504635065794 177.33921611309052 195.49305902421474 25.729965835809708 177.3567928224802 112.71555127948523 1945.3796393573284 35.569273687899113 206.77579276263714 1593.431643076241 97.050530672073364 111.40031416714191 129.44832988083363 119.29022824019194 205.31415136903524 60.838403515517712 574.92106384783983 37.314903609454632 23.769264526665211 58.873617693781853 205.96563009917736 58.020207524299622 471.48959136009216 7.7766554728150359 153.75463347136974 701.03395344316959 38.562509886920452 155.66090869903564 14.454150341451166
leaf_count=983 426 606 1409 1462 211 1525 976 17816 252 1632 13124 826 1137 1062 988 1589 641 4761 394 282 577 2355 667 5163 60 1321 8643 331 1184 163
internal_value=-8.21701e-05 0.00533403 0.00180769 -0.000265106 -0.00190141 -0.00865663 0.0186445 -0.0114532 0.0216467 0.00588183 0.00262122 0.0296076 -0.0178803 0.0395806 0.02564 0.0200772 -0.0200131 0.0248217 -0.0222338 -0.00517695 -0.0257256 -0.0146009 -0.0275301 -0.018968 0.0640535 0.0237338 -0.0338753 0.0177354 0.0495088 0.0213947
internal_weight=7916.69 6069.62 4798.39 4475.26 4297.92 2302.22 1271.24 2122.74 1203.47 1995.7 1800.21 323.126 1847.06 272.838 1090.76 899.525 1743.16 780.235 1631.76 281.504 1350.26 244.189 1289.42 530.363 137.225 179.485 759.054 135.613 191.23 38.2234
internal_count=72566 51561 41205 38500 37091 20873 10356 19341 9750 16218 14756 2705 21005 2279 8774 7338 20022 6350 18885 3194 15691 2800 15050 5740 1122 1532 9310 1157 1436 445
cat_boundaries=0 1 27 45 72 97 115 141 158 176 202 228 246 264 265 281 307 333 350 375 401
cat_threshold=2440 32 2164293664 1073741841 0 134217728 2097152 256 0 0 2151677984 72 0 32768 32768 256 0 0 0 2162688 2097152 0 0 1048608 2105344 268445712 33555456 0 272 1064968 2148597760 1210056736 131072 134217728 0 8 5242896 3211264 0 1057 1048576 1207959552 1 538968064 128 264192 142606848 0 2181038080 134217728 8405008 8 100728832 64 0 0 0 8 0 32 1073741824 0 0 256 0 557056 0 32 33554432 2147497984 640 2 3932672 33554432 262144 524288 0 262144 2048 4194304 12289 524288 0 0 0 204800 4194304 541065216 1 0 0 0 2 0 16400 1073742080 4194820 16777216 4 4194304 1082130432 32 8192 67143680 167772160 0 3392 11534336 0 194 537919488 32 192 402718720 24 6144 8912896 16384 2097152 0 8912896 8454144 131072 0 318832641 0 0 0 0 33554432 0 12582928 8192 0 0 512 2048 0 65696 1140883456 4608 0 169 4112 69206016 2 2056 303038464 2449473536 0 8556576 33816576 0 512 4194304 0 4195584 2685403136 0 2 6292480 83886080 9 66560 201326592 2147483648 16 1573888 0 4 9216 3254779904 3 1105920 0 32 4325760 0 33701888 2180 0 6160 0 0 266240 40 16 0 0 524288 131072 0 2048 0 67108864 8 0 8194 66560 67108864 19 8388608 524288 532480 109084672 0 0 1207959552 0 0 0 36360 0 0 0 16384 16777216 0 2147483648 0 4194304 0 512 0 77824 876744704 33554472 64 8388608 0 2162704 167772160 24 2112 578813952 4194304 0 196612 262144 18 262657 69206016 18 1048576 71303168 32 537395200 3305112580 524290 256 4194336 65536 0 2097152 104 16 1062912 8388624 278656 0 16 2 4194304 64 8311 1073741824 272 196608 2147483648 16 776 10518528 2684354560 0 77824 1344290816 2 10752 0 0 1536 0 0 2147483648 256 8 262144 8388608 2193883136 0 83951680 0 0 0 10518528 4194304 0 0 0 0 536870912 0 0 2147483648 128 67120128 33554564 0 524288 276824064 0 0 557088 0 0 98304 10240 0 0 0 0 33554560 33554432 0 0 0 134217728 2097152 0 16 536877056 524296 3670016 1241513984 0 544 134217728 9 4224 134234112 4194304 0 133248 67108864 4 65800 34603008 0 320 1350565888 0 536870912 285214720 0 0 32768 0 0 8192 0 0 0 0 0 0 2147483648 0 0 0 0 0 0 8192 71307264 33587232 514 233984 262144 536903680 0 1048576 4098 2097152 8912896 2097153 0 135168 0 134217728 512 0 0 0 0 256 268435456 0 0 32 1048836 1075848192
is_linear=0
shrinkage=0.05


Tree=15
num_leaves=31
num_cat=21
split_feature=5 8 11 11 2 11 15 15 15 11 11 10 15 11 15 15 11 11 15 11 11 15 13 31 33 63 70 29 11 13
split_gain=282.661 112.746 80.7204 79.8972 76.535 76.267 63.3409 61.4357 56.572 60.6643 54.4418 53.2298 68.5978 64.1233 62.6668 53.1633 50.0209 44.5261 40.2061 47.6534 35.6747 34.0801 31.3818 26.1428 26.1292 24.4358 24.0085 23.9337 19.2166 19.0856
threshold=0 43290.500000000007 1 2 8.4350000000000023 3 4 5 6 7 8 9 10 11 12 13 14 15 16 17 18 19 22.365000000000006 4.5000000000000009 156.50000000000003 26916.000000000004 0.30839160839160845 22718.000000000004 20 16.015000000000004
decision_type=9 2 9 9 2 9 9 9 9 9 9 9 9 9 9 9 9 9 9 9 9 9 2 10 8 10 2 8 9 2
left_child=1 3 22 -1 15 24 -4 28 -5 -10 -8 12 -12 -13 -15 27 -14 -9 23 -20 -17 -19 25 -11 -6 26 -2 -3 -7 -29
right_child=2 4 6 8 5 7 10 17 9 18 11 13 16 14 -16 20 -18 21 19 -21 -22 -23 -24 -25 -26 -27 -28 29 -30 -31
leaf_value=0.035042629155916077 -0.0038986622041576528 0.14129447335649198 -0.018375164872478866 -0.025258335345230205 0.14649175221559749 -0.021585951327243273 -0.035031005892868158 0.013577380255708191 -0.034803951821877691 0.022047935199598225 0.03549464263192334 -0.020596942345754574 0.025985896530328026 -0.0099110267509413489 0.020484896943505668 0.011618956532482471 -0.01267232568607312 -0.032715554622779287 0.034710890687691974 -0.0016754877376891468 -0.031728486864619695 -0.012718929300328148 0.078317779658305262 0.078161430807588486 0.025316200943978181 -0.0018917897995931435 0.052242215295927832 -0.0077464013012996328 0.021179896262974531 0.045479222640905523
leaf_weight=162.49619017541409 23.109476618468761 3.5386491641402245 192.22785235196352 195.76781643182039 4.6126144081354132 24.143877610564232 54.813897714018822 132.78915309906006 86.783521227538586 138.44681813567877 104.09561812132597 109.29475107043982 90.078777305781841 184.82416521757841 1848.8002688363194 50.653991505503654 523.60909563302994 258.65365652740002 91.045975528657436 818.5498465821147 805.26679464429617 1408.472117356956 46.060110852122307 24.417493529617786 125.21556638926268 40.903137877583504 108.23547268658876 55.504082605242729 173.63486168533564 24.179625794291496
leaf_count=1303 169 36 1728 1958 36 221 480 1190 864 1192 798 935 670 1490 14163 536 4190 2695 789 7626 10183 14193 308 196 1069 292 756 639 1596 265
internal_value=-8.11647e-05 -0.00812498 0.0109967 0.00300431 -0.0136587 -0.00841066 0.00884973 -0.0108281 -0.00108839 0.00317444 0.0107014 0.0116967 -0.000153409 0.0156482 0.0176874 -0.0255475 -0.0066723 -0.0137531 0.00654079 0.00230446 -0.0290586 -0.015998 0.0398335 0.0286987 0.027503 0.0318551 0.0423645 0.0125475 0.0151716 0.00840465
internal_weight=7910.23 4584.17 3326.05 1517.51 3066.66 2127.52 3107.74 1997.69 1355.01 1159.24 2915.52 2860.7 717.783 2142.92 2033.62 939.143 613.688 1799.91 1072.46 909.596 855.921 1667.13 218.308 162.864 129.828 172.248 131.345 83.2224 197.779 79.6837
internal_count=72566 46587 25979 13928 32659 21000 24454 19895 12625 10667 22726 22246 5658 16588 15653 11659 4860 18078 9803 8415 10719 16888 1525 1388 1105 1217 925 940 1817 904
cat_boundaries=0 1 27 53 79 97 114 132 158 184 185 203 229 246 264 290 315 332 358 384 402 428
cat_threshold=268436479 32 0 0 1 0 0 65664 0 276856833 2155872768 8 0 16 0 0 0 2147483648 1 0 262144 512 0 131072 2153947136 201328656 64 524288 8912896 272629776 16777216 0 4 8388608 2147483648 33280 75812 0 0 268435456 0 0 0 0 0 67108864 262144 0 128 1049600 805306496 3072 1107296769 1049088 2147484672 4718608 8388608 8 262144 2048 134217728 138412032 570425472 0 0 0 0 0 0 1 131072 512 0 268451840 2 1048576 1075839232 2 24576 17825792 1073741856 800 147456 67108864 1 3221227648 524288 176 9280 32768 2147483650 32768 0 1 512 4719616 8 16777216 96 24592 2147516544 0 1 65536 16777216 192 2674928 1073750016 0 786433 73728 0 4 4194304 0 0 12615936 536870912 6 1092 0 524288 21 2629632 2097152 1 135168 69206016 0 671776 0 53 512 4195328 65568 2182119424 0 1048608 2097664 33554432 67108864 64 0 0 16384 2097152 1152 0 16384 0 320 16777216 2097152 16 0 2147614720 524288 524288 4194304 1073743872 135397376 0 2147483648 16777473 0 1 2148007936 536870912 0 1024 1073741952 33554432 0 16384 8192 0 8388608 0 0 64 1024 256 0 16384 12611 2281701376 768 2359304 1092091904 16 278544 16777216 8388608 0 131328 2164260864 32 263168 0 2 1585152 538968064 256 538968064 134218752 65536 512 0 262208 4 2217738240 33554432 131136 4 0 1048584 0 64 1073741824 0 131072 0 0 561152 0 0 34078720 262400 128 0 1280 11012164 524288 2147483648 520 0 1082130432 64 4 0 4 262167 753664 2 565312 268435456 2097152 1073741828 524288 2685018112 16777216 8704 67112960 524288 64 2162688 2147483648 22 24576 536870912 4 8 1572864 16 0 603988480 0 0 0 4194304 0 0 512 4424864 0 0 0 0 64 33554432 0 0 0 0 0 16 10240 536936480 50331689 10494080 2097216 536887296 68157448 524288 0 0 516 0 536871056 21495846 0 128 32768 131072 0 0 0 0 0 134217728 2 0 4096 1200 570433536 536870912 67 0 16777216 16 4232 2228736 2147483648 200 0 369098752 32 2048 3221225472 0 2131456 276824064 0 16384 2172649472 512 0 8388608 0 524288 0 2097154 0 0 0 8388608 0 0 0 67141664 32 268435456 513 262146 67584 790528 268500992 12583040 4194562 1048576 1074003968 2048 0 0 592 547358720 524288 75497537 256 512 0 134774784 0 0 16777216 16384 0 0 0 0 0 8388640 2065 2097152 1610612736 1 256 587202560 0 8196 553779200 0 32 139264 2147483648 0 8264 3221749760 1 1130880 1073741824 26 0 0 276824064 0 0 524288 0 0 0 17440 0 0 0 0 0 0 0 0 0 131072 384 0 16 2048 1073807392 1
is_linear=0
shrinkage=0.05


Tree=16
num_leaves=31
num_cat=23
split_feature=2 68 16 15 11 11 11 15 15 11 15 15 20 11 15 10 8 11 15 15 11 11 11 15 11 12 15 15 63 59
split_gain=259.399 104.363 96.381 100.035 97.1296 85.2681 73.2354 74.164 65.9511 57.5448 53.1729 49.3937 47.3159 53.6898 48.0354 47.3003 46.0854 56.9415 46.9755 44.5171 44.3772 38.8784 29.7276 27.9127 26.9034 25.9736 24.4127 23.6535 20.9375 20.7402
threshold=9.6250000000000018 0.30616619418113838 1.5000000000000002 0 1 2 3 4 5 6 7 8 10410.500000000002 9 10 11 63004.500000000007 12 13 14 15 16 17 18 19 20 21 22 50721.000000000007 79.300000000000011
decision_type=2 2 2 9 9 9 9 9 9 9 9 9 2 9 9 9 2 9 9 9 9 9 9 9 9 9 9 9 8 8
left_child=10 2 4 25 27 28 -3 -8 24 -10 -1 -7 14 -14 -9 -11 17 -12 -19 -15 -13 -18 -20 -23 -6 -4 -24 -2 -5 -30
right_child=1 6 3 5 8 11 7 12 9 15 16 20 13 19 -16 -17 21 18 22 -21 -22 23 26 -25 -26 -27 -28 -29 29 -31
leaf_value=0.01411776918429887 0.070257513540810265 -0.027774210006286833 0.011325965319459494 0.069461568998973863 0.045232765545709694 -0.026607364375607685 -0.019925622797135518 -0.0030289283538816256 0.022603864717351249 0.023893838982438173 0.026609839169738865 -0.024870993019127638 0.049263376434104111 -0.021830929899999314 0.048959698629084003 -0.0090164286818392777 0.015107971209828383 0.017316312986137405 0.013741143003126614 0.017080257026612939 0.010286884430978726 0.0049340608844110762 0.0030044639387527159 -0.035647484090693043 0.0087859951385690048 0.059045019137321256 -0.026037637395715737 0.020459211681017917 -0.021600113896427915 0.041163712099258482
leaf_weight=124.1939756795764 26.150414377450943 71.936251260340214 59.435449287295341 53.900643639266491 65.88875288516283 122.45962010324001 89.904552415013313 59.541053585708141 154.34513095021248 104.50477480143309 78.053400725126266 92.478494308888912 101.77028309553862 82.438547343015671 289.19015574455261 3003.7307601198554 44.976932510733604 89.530899196863174 57.730805672705173 381.68950165063143 755.37395552545786 50.766389966011047 86.844693019986153 579.33573840558529 204.47249480336905 134.47403064370155 653.74787860363722 194.30326947569847 15.972714155912398 74.809859596192837
leaf_count=1276 202 596 482 396 516 1058 736 454 1275 877 747 829 778 665 2211 26407 487 890 592 3045 6386 619 944 7500 1684 1044 7598 1543 128 601
internal_value=-9.08446e-05 0.00476635 0.00176006 0.0134429 -0.00231405 0.00735882 0.018904 0.0223012 -0.00434816 -0.0063321 -0.0169827 0.00183632 0.0266225 0.0179861 0.0414004 -0.00783685 -0.0193049 -0.0124175 -0.0159684 0.00985417 0.00620686 -0.0294453 -0.0198692 -0.0323519 0.0189649 0.0456913 -0.0226374 0.0291587 0.0418821 0.0301207
internal_weight=7903.95 6138.77 5062.3 1308.9 3753.4 1115 1076.47 1004.53 3532.94 3262.58 1765.18 970.312 914.63 565.898 348.731 3108.24 1640.99 965.908 887.854 464.128 847.852 675.079 798.323 630.102 270.361 193.909 740.593 220.454 144.683 90.7826
internal_count=72566 51913 43428 10924 32504 9398 8485 7889 30759 28559 20653 8273 7153 4488 2665 27284 19377 10771 10024 3710 7215 8606 9134 8119 2200 1526 8542 1745 1125 729
cat_boundaries=0 18 44 70 96 114 131 156 171 188 214 232 233 259 277 295 320 346 372 390 416 418 436 454
cat_threshold=0 56 53248 134250496 16 409632 1703936 805306368 0 3162112 318767104 1 1024 1073741824 0 0 2425356288 64 0 2164260864 4194304 134217729 0 39845904 65536 536870912 268746760 21004288 0 0 65536 0 0 0 1 0 2097152 0 0 0 1064960 2105600 100665344 33554432 0 536879104 92274688 0 0 0 2 0 8389128 212993 0 0 0 0 0 0 16777216 0 32 0 1 4 16787456 876642336 25 1024 64 131072 0 1073741824 0 256 0 201457664 16384 536936448 0 0 4096 136323072 512 536870912 8388608 0 0 0 2621440 0 16793600 2147483648 8388616 35653636 1073741824 260 266496 19464192 1 33 134250496 1075838976 32 8390656 67108864 32 16 2182086656 0 2 268697600 32 0 320 278544 1048704 134217728 0 25182240 18874368 64 12583056 1052928 67108864 525568 8192 8 4194304 2048 1048672 24608 524289 2097152 262144 0 2099200 0 134217985 2147483648 0 0 2048 2105344 33554432 4194304 8388608 0 4194304 2359296 512 0 2147484160 2147483648 541081600 1074266112 3305112580 524288 256 20971552 66176 0 2162688 96 65536 2148542464 411041808 128 8192 16 0 1025 4197120 8404992 1073741832 65536 18432 25165824 65 4227072 8519680 4 8192 536870912 1 4237456 67108864 512 67108864 16810016 0 0 0 1024 0 8192 149888 0 0 16 16384 33554432 0 0 0 0 0 288 16 16 335611904 1224851456 8192 0 8 720896 3221225472 16 65536 554696704 268435456 2 7032832 134217728 9 73728 67108864 0 0 0 72 2080 0 0 33554432 2176 128 2320 0 1113849856 262144 104 0 0 0 0 16777216 0 2048 0 67112960 0 1048608 2 2148532224 603979776 33554448 8388608 571473920 768 131108 134217728 2147483648 8 8388608 1077936128 8 4096 1174536192 4 8 0 0 2 314572800 192 0 0 83968 71303168 0 912 42598400 0 8 73728 134217728 0 132128 142606336 1 1867776 2147483648 18 2097152 0 4196352 2147483648 1048576 1073791264 5120 35651584 819200 16777216 0 131072 0 0 0 0 16384 0 536870912 134217984 2097408 8 0 2048 1209024576 2 163840 2147762192 524288 0 16 4096 8519680 528512 67174400 0 4096 0 524288 4194496 0 0 0 0 0 0 0 65536 160 1048576 10485761 280576 8390656 8 536870912 0 262144 2 2147483648 0 537133570 0 0 16777216 589824 64 0 0 67108864 0 268435968 268435456 0 16843776 2415919104 1024 33556480 0 1 262146 655360 0 8448 134221888 16777216 128 2129984 553648128 2 16384 2147516416 1 1048588 2097152 20 0 536870912 8390688 0 0 0 0 0 8192 19456 0 0 0 0 67108864 2147483648 16777216 0 0 524288 0 2048 10240 1946228752 1074266145 64 1966182 52253 0 176 4122 16777216 1073741848 16388 1792 536870912 0 4196864 20971520 2 2064 1048576 0 384 1141374976 32 0 0 0 1207959552 0 0 6291456 0 4 0 570425344 0 1024 2147483648 0 562176 0 5
is_linear=0
shrinkage=0.05


Tree=17
num_leaves=31
num_cat=22
split_feature=2 11 2 10 8 15 11 15 11 11 10 15 11 11 15 11 11 15 15 15 15 11 68 32 11 31 38 8 15 12
split_gain=243.369 104.124 97.6344 73.5414 64.8075 73.9391 67.5115 66.0401 65.1042 62.5412 54.0294 64.4579 69.1636 60.8924 59.7734 50.8643 46.7807 52.3441 46.5832 40.0287 26.3388 25.4162 23.6035 23.4081 22.5951 22.5683 21.9982 21.7158 21.0932 20.3179
threshold=13.615 0 7.8900000000000015 1 50341.500000000007 2 3 4 5 6 7 8 9 10 11 12 13 14 15 16 17 18 0.19829854151452805 2085.5000000000005 19 2.5000000000000004 101.50000000000001 102015.50000000001 20 21
decision_type=2 9 2 9 2 9 9 9 9 9 9 9 9 9 9 9 9 9 9 9 9 9 2 8 9 8 8 2 9 9
left_child=1 27 15 19 5 29 -7 25 -9 -2 13 -12 -13 -11 23 -3 28 -18 -17 -4 -16 -20 -21 26 -22 -6 -15 -1 -14 -5
right_child=9 2 3 4 7 6 -8 8 -10 10 11 12 16 14 20 18 17 -19 21 22 24 -23 -24 -25 -26 -27 -28 -29 -30 -31
leaf_value=0.04535079409781019 -0.027554673939066732 0.016325964794236661 -0.023821117060739555 0.042442439556390155 -0.023219906497641492 0.028643459794076499 -0.0070316753880766726 0.018834573299557351 -0.019344808782026893 0.03632217448222249 0.034812570075651583 -0.021343155984437145 -0.00029953178401443504 0.012300505826177671 0.01411799139261144 0.0082615699787791964 -0.019622029414117392 0.013601027344016442 0.0055582754730276939 0.020397885685207437 0.0096555922198760871 -0.032658450498860958 0.057606412140646462 0.026271063223980335 -0.020161925504063934 0.024696761146649041 0.17317705628301275 -0.024775216598321232 0.04153180630438618 0.0018269430807777852
leaf_weight=114.23009894043207 96.631963282823563 73.313031427562237 35.428445167839527 117.87952941656113 29.674843855202198 138.31582512706518 1258.1807177886367 115.02839706093073 1487.8925938755274 89.810016460716724 357.6105011254549 139.31939962506294 44.732919350266457 3.4416380599141121 80.587782204151154 89.236896403133869 121.04970218241215 1530.431336030364 50.519253209233284 139.35730908066034 72.164358392357826 732.57036269456148 61.401103526353836 74.982881046831608 424.56173107028008 142.94408097118139 5.5540855005383474 12.22078914940357 204.37998009473085 53.007016211748123
leaf_count=989 905 765 328 973 287 1085 11489 1077 15711 654 2532 1140 317 25 610 995 1016 11755 579 1281 551 9593 542 568 3404 1350 39 114 1439 453
internal_value=-7.81353e-05 -0.00741024 -0.00867615 -0.00492004 -0.00683192 0.000557281 -0.00331971 -0.0133933 -0.0165052 0.0104305 0.0116468 0.0153177 0.011747 -0.000118207 -0.00553452 -0.0229842 0.0142716 0.0110624 -0.0261751 0.0215184 -0.0113897 -0.030154 0.0302702 0.0316461 -0.015725 0.0155581 0.111628 0.0357466 0.0342985 0.0306415
internal_weight=7896.46 4651.2 4524.75 3579.11 3342.92 1567.38 1396.5 1775.54 1602.92 3245.26 3148.63 2397.52 2039.91 751.102 661.292 945.64 1900.59 1651.48 872.327 236.187 577.314 783.09 200.758 83.9786 496.726 172.619 8.99572 126.451 249.113 170.887
internal_count=72566 47611 46508 34576 32425 14000 12574 18425 16788 24955 24050 18199 15667 5851 5197 11932 14527 12771 11167 2151 4565 10172 1823 632 3955 1637 64 1103 1756 1426
cat_boundaries=0 26 27 44 70 87 113 138 139 156 183 209 227 253 278 294 311 328 346 373 399 417 419
cat_threshold=0 2147483648 131088 516 0 33554436 64 0 0 18874368 16 0 2048 16908288 0 1 50331665 16 337649664 0 2 5120 1048576 2097152 2050 1073741824 2440 0 2147483715 266240 218103808 8 131112 1049088 1048576 0 4256 302026752 4 512 1082130432 1073741824 1536 17825792 0 43008000 32768 0 0 0 8388608 2147483648 278528 369166368 0 0 98304 0 0 0 4194304 0 0 0 1049088 2048 65536 1074266272 536870912 8832 0 0 16384 4718592 1107296256 144 134479872 0 32 3195024 1091661824 16 16417 0 134217728 8 541097984 608 0 1 8913024 0 0 0 8388608 8957952 8224 32 0 4194304 0 4194304 0 0 131072 0 2 0 2 4096 33040 8200 2148532224 4227072 1073741824 134287360 0 2147483648 16777216 540672 68157440 2181038080 67108864 0 1024 1073741832 0 0 1073758212 524288 67108864 67108864 1 0 64 0 524288 65538 12355 8388608 128 1073152 2097152 21 256 281018368 0 258 3145856 301989888 67108864 541696 402661376 12 4325376 2147483648 538968064 8388608 8388608 16777856 0 2048 0 2155872256 0 163840 0 131072 5242884 0 16777216 67108864 0 0 8388928 0 37120 8 0 50331648 16384 17825792 2 0 8192 16777216 1073741825 0 262144 0 0 512 4391552 0 0 16 16384 0 33554432 0 0 0 0 524288 8 16 2147549184 50380809 35651585 2550136832 784 1347592 17301504 0 80 16777216 536870912 0 8192 2160066560 48 262144 67108864 2 8192 2097152 4 4325376 2048 40 34944 0 4096 0 1344274432 512 8396810 0 0 0 33554432 64 33554432 2048 131072 0 0 0 0 0 48 402654740 4194308 1048608 2684878848 4194336 0 0 1084227616 65536 0 8388608 8407040 0 0 8192 0 33554432 0 0 0 0 512 512 0 196608 2216697856 1275068420 1048576 512 9179396 8536064 0 9 2048 8388608 48 288 10518528 2147483648 2 262144 0 532992 18874368 2097280 540672 65536 4194320 4224 201326592 1076363264 536871041 16 3556900864 8388608 24832 0 0 0 277872640 0 6 0 251658240 1 2560 5242880 2415919104 16 1097728 0 1 1024 8388608 7 1703936 1073741824 0 2 2048 1048576 10 147968 33816576 270532608 68 1179904 1241513984 1 131328 2185232384 0 2097408 570425344 384 128 0 2415919104 16777216 130 0 128 2156920832 4097 2684616737 0 0 0 270532608 0 0 0 0 0 0 0 0 16842752 268697600 262144 41945089 2 524288 134217728 33554432 0 0 64 0 134217728 8192 1061 0 0 0 0 0 536870912 0 0 0 268435456 256 2048 133120 809897984 268437552 8390784 0 4 33280 1207959552 0 1024 537395200 67108864 4 6144 16777216 1 4096 3238002688 0 2048 268435456 229 1087521328 1270
is_linear=0
shrinkage=0.05


Tree=18
num_leaves=31
num_cat=18
split_feature=2 8 11 11 10 11 11 15 15 15 11 2 11 15 11 15 16 15 21 11 15 11 15 3 16 69 42 70 64 17
split_gain=222.172 81.105 73.049 71.23 67.3662 69.8479 63.6176 64.4586 56.4841 54.0397 50.5951 49.6722 53.2275 49.4357 45.6959 45.1991 44.5954 39.6416 38.606 30.704 34.9178 31.082 28.4588 23.0532 22.1785 22.1041 21.1676 24.9254 19.2474 18.0269
threshold=11.180000000000001 70000.500000000015 0 1 2 3 4 5 6 7 8 7.5000000000000009 9 10 11 12 2.5000000000000004 13 84.850000000000009 14 15 16 17 1279.6650000000002 2.5000000000000004 0.91234362238261979 5.5000000000000009 0.6145104895104897 10528.500000000002 27.500000000000004
decision_type=2 2 9 9 9 9 9 9 9 9 9 2 9 9 9 9 2 9 8 9 9 9 9 2 2 10 8 2 8 10
left_child=4 3 28 -2 22 -6 9 -8 18 -5 -9 14 -13 23 24 -14 -12 -16 25 -15 -21 -22 -1 -4 -10 -7 27 -24 -3 -11
right_child=1 2 13 6 5 8 7 10 11 29 16 12 15 19 17 -17 -18 -19 -20 20 21 -23 26 -25 -26 -27 -28 -29 -30 -31
leaf_value=0.055825608845269797 -0.031775853797026597 0.082595733975409161 0.018218171531875545 -0.0093861284107639009 0.024086683462472787 0.017621579955439018 -0.018501133273787461 -0.021734012166641385 0.011316169654839711 0.052419073075923042 0.010449542892963272 0.019976757116371889 0.0088302969158042272 -0.033018348491764854 0.0087390366293944189 -0.017217797683676879 0.032854990671997368 -0.037860042136601893 0.21660338296101728 -0.027404775050444863 0.020536068214938967 -0.0066710091083568117 0.03624233919652755 0.16777236591083167 0.16403011241986612 0.14874756005877601 0.0022893204539835093 0.23376290519004939 0.027671953701203469 0.022202203507975009
leaf_weight=31.388468392193317 89.300028838217258 19.506748273968697 148.60345216095448 63.108046315610409 112.05223111063242 58.725971646606922 189.29579378664494 105.74892155081034 48.439755976200104 188.44931690394878 2621.6662433594465 112.41084726154804 183.58290657401085 122.1743490844965 52.962094955146313 1593.5930112674832 242.64142359048128 476.53171796351671 2.7391151785850516 171.2791628241539 110.15428031235933 840.16983895003796 7.0223049446940404 2.6222243234515181 2.5001797676086417 3.3999971002340308 132.32236180454493 2.0674197897315025 87.511039860546589 66.874320536851883
leaf_count=313 840 138 1241 448 1042 616 1644 935 553 1279 20258 1101 1873 1226 607 17525 1807 6344 26 1593 894 7554 75 18 28 33 1418 21 660 456
internal_value=-7.76356e-05 0.00618053 -0.00356592 0.0102846 -0.0113281 -0.0132835 0.0114231 0.00920198 -0.0150236 0.0325087 0.0110238 -0.016277 -0.0124131 -0.00668245 -0.0291362 -0.0144927 0.0123046 -0.0331234 0.0285031 -0.00999865 -0.00722153 -0.00333637 0.0183329 0.0195206 0.0157246 0.0247978 0.00687342 0.0811676 0.0344629 0.0428273
internal_weight=7888.84 5069.11 1502.02 3567.08 2819.74 2646.94 3477.78 3159.35 2534.89 318.432 2970.06 2470.02 1889.59 1395 580.434 1777.18 2864.31 529.494 64.8651 1243.78 1121.6 950.324 172.801 151.226 50.9399 62.126 141.412 9.08972 107.018 255.324
internal_count=72566 40991 13324 27667 31575 29748 26827 24644 28706 2183 23000 28031 20499 12526 7532 19398 22065 6951 675 11267 10041 8448 1827 1259 581 649 1514 96 798 1735
cat_boundaries=0 26 52 53 79 105 123 140 158 184 210 227 253 271 288 313 331 357 375
cat_threshold=2097154 2147483648 4456464 0 0 67110912 4352 8388608 0 134225952 8 512 262144 163840 0 0 0 0 0 262144 0 0 131088 77860864 0 2098176 8388610 2048 65536 2147483648 536870913 16777216 0 32769 1048640 0 0 0 1075052672 0 0 16400 532480 0 4352 134217728 2097152 268435520 0 1048576 0 131072 6400 0 0 131072 67108872 2 0 8388608 268435456 269484034 33620994 16 128 64 655360 4194304 0 2065 0 69206016 0 0 4098 17891328 0 2 8192 1048608 536870912 33554432 2097168 0 136314880 128 536870912 134217729 2157971456 0 0 0 67108864 33554432 0 16777216 0 512 512 512 0 0 2149654560 1275070464 1073741824 1048576 1024 131840 655360 33554496 65545 2147489936 524288 16 516 2097152 2 1 933888 1 128 1073741824 16 536576 1140852224 0 384 20971520 0 32 69632 201326720 0 1055744 276824096 1 0 1207959552 4194304 4194560 0 416 65536 2550136832 0 1024 605028352 0 387 4096 0 1 151552 2013265920 1 532480 2684354560 42 35651584 1073742848 1048576 570425344 1048576 2048 524288 8650752 2181562368 536870912 0 0 68 0 131072 4 0 16384 562036736 256 98304 4096 0 4 2147483776 8 524288 2155872256 1048576 4 524288 0 0 1073743872 262272 67248128 1280 0 272695424 16384 0 0 0 67141632 4096 256 0 262144 5152 32768 10240 2097152 2281701376 304 0 2164260864 1207959552 131138 0 603979776 65 3145744 8192 0 137248 8192 20 2065 142606336 0 0 0 538968064 0 262416 4096 2157969408 512 17039400 0 512 0 33554432 33554432 33554432 0 131073 0 0 0 0 0 71303184 268435476 33554432 0 16 131080 2147549184 536870912 16392 4352 2214592512 32 98436 50331648 12 1024 12632064 16 4 50364416 4 1099956224 2147483648 2621440 0 24 4736 142671872 1075838976 64 112 2216820736 0 8 4194304 0 4096 276824064 0 8389120 100745216 0 0 32768 1 1048576 16384 66816 0 0 0 0 33554432 1107296256 16777216 0 512 537395200 0 12 0 65536 1114113 0 68 2098208 1275084800 0 2560 0 138412032 8 36928 8650752 0 4 1786773504 0 65536 37748736 11 262144 335552512 32768 524289 0 1073741840 2 0 32776 32769 0 0 0 2162688 128 536870912 0 0 2048 2 0 0 18432 2420277248 33556480 1048576 0 64 83968 1627389952 16 0 8978432 2147483648 9 65536 1342177280 0 8224 1140850688 1 0 2147483648 86
is_linear=0
shrinkage=0.05


Tree=19
num_leaves=31
num_cat=21
split_feature=5 11 8 11 11 10 15 15 11 11 2 11 15 11 15 33 15 15 11 2 11 21 11 15 68 8 11 8 30 12
split_gain=206.098 95.6419 85.3263 83.0057 78.4706 75.6825 87.1786 77.0466 62.587 57.3211 54.9996 53.6471 55.0418 60.7546 45.693 44.9497 47.6426 41.7046 35.2392 30.3988 27.3389 25.9285 24.6361 21.8362 19.8768 19.166 18.8761 18.8274 17.63 16.9459
threshold=0 1 89959.000000000015 2 3 4 5 6 7 8 7.5000000000000009 9 10 11 12 75.500000000000014 13 14 15 10.765000000000002 16 72.850000000000009 17 18 0.062498723984396175 47504.000000000007 19 22002.000000000004 26615.500000000004 20
decision_type=9 9 2 9 9 9 9 9 9 9 2 9 9 9 9 8 9 9 9 2 9 8 9 9 2 2 9 2 10 9
left_child=1 19 5 -4 25 7 21 18 -9 -8 -10 -6 20 23 -11 -15 -17 -5 -3 27 -13 -7 -19 -14 -23 -2 -20 -1 -21 -22
right_child=4 2 3 17 11 6 9 8 10 14 -12 12 13 15 -16 16 -18 22 26 28 29 24 -24 -25 -26 -27 -28 -29 -30 -31
leaf_value=0.12903389797950424 0.059244406953491584 0.054058095886052406 0.025295262675970522 0.011549328258171834 -0.027072167636565871 0.046987670460707946 -0.03680221628296218 0.019854749254227963 -0.030537172732429525 -0.02829825873893296 -0.0095491452608430227 -0.010388784805111495 0.019712246657338214 0.03883641100251322 0.017066130839490025 -0.016734791635505817 0.00862609251465731 0.0013330637530727799 -0.029032174974760183 0.077067679758567251 0.010358677399170443 0.012370964703228049 -0.03564788942866301 -0.026424320645998256 0.14680674351868125 0.028093961266460694 0.013676895228184053 0.009267449377395277 -0.0081480711743613429 0.038683927218872698
leaf_weight=3.4616878256201735 80.571362935006618 46.851950913667679 74.188030205667019 59.133233346045017 101.32480321079493 78.217315159738064 68.614759229123592 152.20060069859028 361.40783996134996 57.492552511394024 2289.9826065897942 45.622627899050713 24.95321411639452 112.76298991590738 335.38890406489372 193.7793783172965 2189.4874811396003 57.20587819814682 21.149875618517399 46.903976552188396 100.34838600456715 3.5334918648004523 583.28719419240952 176.12202587723732 12.392550460994242 127.54959895461798 168.54746340215206 63.010674156248569 6.971622794866561 240.25474129617214
leaf_count=29 505 422 808 666 935 718 701 1449 4746 584 22591 323 210 761 3342 1675 16746 630 213 369 734 30 6900 1548 101 881 1628 601 59 1661
internal_value=-8.67771e-05 -0.00710809 -0.00835114 -0.0234318 0.00919895 -0.005129 0.0117205 -0.00822007 -0.01055 0.00231462 -0.0123634 0.00718237 0.00839192 0.00580434 0.00989008 0.00795764 0.00653002 -0.0285522 0.0187019 0.0352027 0.0258591 0.0531793 -0.0323752 -0.0200362 0.11698 0.0383126 0.00769978 0.0155045 0.0660406 0.0308722
internal_weight=7882.72 4489.94 4369.59 773.814 3392.78 3595.78 555.64 3040.14 2803.59 461.496 2651.39 3184.66 3083.33 2697.11 392.881 2496.03 2383.27 699.626 236.549 120.348 386.226 94.1434 640.493 201.075 15.926 208.121 189.697 66.4724 53.8756 340.603
internal_count=72566 46587 45529 9004 25979 36525 5476 31049 28786 4627 27337 24593 23658 20940 3926 19182 18421 8196 2263 1058 2718 849 7530 1758 131 1386 1841 630 428 2395
cat_boundaries=0 1 27 52 78 79 97 114 140 166 192 209 235 253 270 287 313 339 365 383 409 411
cat_threshold=268436479 16 0 131088 16388 268435456 33816580 64 0 0 536870944 16 0 2048 16777216 0 1 33554433 0 337911808 4194304 268435458 0 1049600 2097280 0 1073758208 2359296 0 280576 524800 0 0 512 0 8421896 188784768 0 0 0 0 0 0 0 0 512 134217728 0 2 2048 4194304 2576 32 16777216 0 1 0 0 65664 0 278953985 2157969921 8 0 0 0 0 0 2147483648 1 0 262144 512 0 196608 2149752832 201328656 64 8311 0 65 16384 2147483648 16 33032 29622272 16777216 5 65568 1879048192 0 10756 1207959552 5 263168 0 64 0 1073741920 16904 134217728 553648128 131072 65572 268439552 1073741960 16640 68161536 402653188 256 4096 0 2 8912896 32 8404992 33554432 0 8 16 2048 2150629376 536870912 393216 0 128 8454272 8388608 4096 0 1184768 131104 0 0 1048576 8196 2147483648 0 1073741824 37748736 524288 603996160 2048 33554432 0 1073741824 0 1048576 532992 71434370 0 0 0 0 67108864 0 0 0 0 269090816 768 16 0 3292528640 32772 34078720 12582912 1073743872 134348800 0 2147483648 16778497 536870912 1048577 2181038080 536870912 0 1024 1073741952 0 0 2147500036 532480 0 0 1 0 524352 1024 256 0 16384 8650752 128 1089544 3145728 134217730 262272 285212672 2148532224 0 3145744 50331648 67108864 66560 1073741824 12 4326400 2147483648 32896 8454144 1116160 8388672 0 64 16384 2147483648 16384 524288 0 135168 1064960 0 0 0 0 67141632 67108864 134742016 36864 2080 0 0 1114624 16781312 0 0 6291456 335544320 0 131072 201326592 536870912 136 656384 117964800 4 131072 25165824 0 1771520 0 56 16777216 1073741856 4194560 147456 32 8193 2147485824 0 176 1024 539131904 2147483648 32788 8388608 1 262144 1078525952 134217728 1073741824 0 2147680256 0 0 369099072 536870912 0 558088 2148016128 0 49186 139264 8 2103296 6422528 524288 532992 34816 0 0 0 0 0 16384 33580034 0 0 0 0 0 0 0 0 0 131072 128 0 8192 1145051168 1074266149 1 4096 537403392 0 0 0 16384 0 0 73728 67256320 0 0 0 8192 0 0 0 0 0 536870912 2097152 8 18432 0 16777217 1049089 537395200 229376 2148532228 16 1048576 1048576 0 0 0 67125248 2 0 0 8192 0 1073741824 20971520 32768 2048 2 16384 0 131088 67125520 262144 1025 0 0 65536 2415919104 0 16448 0 0 0 32768 536870912 0 0 343932928 0 276480 0 132 4096 0 285212672 0 0 0 0 0 8192 2048 0 0 0 0 67108864 67108864 0 0 0 0 1048864 0 0 0 65544 524290 160514087 37920
is_linear=0
shrinkage=0.05


Tree=20
num_leaves=31
num_cat=20
split_feature=2 31 11 8 15 11 15 10 11 15 11 11 15 11 11 15 8 11 15 15 11 11 15 68 31 12 68 21 31 2
split_gain=190.225 94.9813 93.1606 75.1189 71.1897 70.4044 67.3033 67.0738 66.5765 64.4622 60.9823 50.7901 49.277 46.2027 45.0027 41.9204 35.3504 40.8004 38.5338 33.3097 31.2838 30.9867 26.2899 24.2373 23.8469 21.9179 20.1446 20.126 19.4709 19.2873
threshold=9.6250000000000018 5.5000000000000009 0 45604.000000000007 1 2 3 4 5 6 7 8 9 10 11 12 66957.095000000016 13 14 15 16 17 18 0.13636136367455484 1.5000000000000002 19 0.23065608748490668 48.350000000000001 6.5000000000000009 8.8900000000000023
decision_type=2 10 9 2 9 9 9 9 9 9 9 9 9 9 9 9 2 9 9 9 9 9 9 2 8 9 2 10 10 2
left_child=11 2 -2 5 -3 24 -7 23 26 -10 -6 -1 -12 -8 -14 27 17 29 25 -16 -20 -18 -23 -5 -4 -19 -9 28 -13 -17
right_child=1 4 3 7 10 6 13 8 9 -11 12 15 14 -15 19 16 21 18 20 -21 -22 22 -24 -25 -26 -27 -28 -29 -30 -31
leaf_value=0.018238532204006848 0.035354674289681087 -0.018257613371631728 -0.010276729968965562 0.0055217246509186059 0.054782577128960466 0.028798387998426024 -0.030243672570758807 0.012474329458798422 0.017976716950051382 -0.010463786003853871 -0.01763171124165578 -0.0075227251637577271 -0.018477254834908204 0.0029677337603751658 0.052837414825002309 0.013054754985715575 0.011883456360926383 -0.018614363099512279 0.010419370539405009 0.019700381144143232 -0.023530264375702093 0.0077975640279934009 -0.036395633761822588 0.047044489604296816 0.043084072397172712 0.028715552115858408 0.048433758839549035 0.044953711173787887 0.10007806673565851 0.08358107910402951
leaf_weight=102.41870622336864 184.88666216284037 108.16550529748201 23.732424296438694 60.87363987416029 131.45918810367584 235.06820484995842 102.90651611983776 143.8738602399826 207.75882859528065 2591.5181750208139 82.823090374469757 71.067454166710377 55.919242881238461 1435.5240070894361 103.78963926434517 55.657137043774128 42.157917242497206 30.250325664877892 73.79572581499815 407.66389682888985 698.59388304501772 39.395789783447981 458.26000175997615 83.14766239374876 177.79185493290424 63.54912506788969 53.403408020734787 34.459932200610638 4.4686885476112357 11.738720186054705
leaf_count=994 1376 909 169 509 918 1760 911 1223 1716 23566 686 769 452 11339 796 604 510 323 827 3249 8514 502 6439 652 1256 658 426 354 46 113
internal_value=-9.09747e-05 0.00396408 0.00142646 0.000130869 0.0190802 0.0077715 0.00444788 -0.0046737 -0.00629487 -0.00829649 0.0241713 -0.0149811 0.0172462 0.000565232 0.0225547 -0.0171368 -0.0193929 -0.0136354 -0.0164776 0.0273092 -0.0201949 -0.0297096 -0.0328125 0.0275791 0.0350603 0.0131289 0.0211372 0.0121812 -0.0011571 0.0220648
internal_weight=7876.12 6190.31 5300.49 5115.6 889.821 1975.02 1773.5 3140.58 2996.55 2799.28 781.655 1685.81 650.196 1538.43 567.373 1583.39 1473.4 933.585 866.189 511.454 772.39 539.814 497.656 144.021 201.524 93.7995 197.277 109.996 75.5361 67.3959
internal_count=72566 51913 44903 43527 7010 15435 14010 28092 26931 25282 6101 20653 5183 12250 4497 19659 18490 11039 10322 4045 9341 7451 6941 1161 1425 981 1649 1169 815 717
cat_boundaries=0 26 44 70 87 88 114 131 157 183 201 227 253 271 297 314 332 358 384 401 403
cat_threshold=1056 2164260864 17 0 0 35651600 0 0 276824064 2168455168 72 128 32768 536903680 256 0 16777217 0 2170880 0 2 1024 0 2105344 2048 1024 0 4 4194304 1241513984 32 264208 100696064 0 0 263232 136577024 0 266432 1048576 0 1843216 1077936128 24 4096 8945664 268451840 2097152 0 134742016 8388608 0 16384 268435488 0 0 16 0 0 33554432 4194304 1 0 262144 1049088 2 65536 32 135299088 37761024 134217728 1 32784 348127232 8 34832 67108864 2420113408 0 2098208 1509949440 0 33312 1075838976 0 4259840 2148532224 2056 2097152 0 1074528256 134225920 131072 1048576 2816 4194304 134217744 128 0 0 65536 268574720 0 4194304 0 0 0 2097152 16384 4 1196048 1073807616 4 2097152 4194304 322 16392 1114240 1210056736 147456 33554432 0 0 5259392 1114112 0 1024 1048576 1207959556 1 536875008 1572864 536879104 33554432 0 0 1073741824 0 524288 0 36352 0 0 0 16384 100663296 0 0 0 0 0 512 0 16791552 876744752 1107296288 1048640 4325760 1073741824 33685504 2176 0 6160 0 0 4096 2214600736 0 0 0 2621440 131072 0 2048 0 67108864 8 0 8194 65536 67108864 19 8454144 1073741824 0 8388608 2097152 24 8704 1078460416 134217728 0 8488960 8388608 18 33280 37748736 4 2097280 402653184 34 1048576 71303168 2359296 2147483648 0 2304 16384 2048 0 557064 0 0 4194308 33554432 67108864 536870916 0 16777216 64 805306368 2162688 0 0 0 1024 3145732 5632 8389120 32768 2147483648 0 524288 0 8388608 8388608 822083616 32 0 0 0 0 1073741824 8388608 0 0 2621440 524289 4 131088 0 8427520 512 1644691456 3305112576 0 256 4194336 66048 0 2097152 96 256 16791552 8388624 262288 0 16 10 4194304 64 0 0 0 536870916 136 256 0 1111752704 0 72 0 0 16777216 33611776 16777280 536870912 0 0 4096 536870912 32 0 1048576 65536 33557504 2176 135266304 257 572 151519232 2147483648 8 8388608 4718592 8 135296 1174536192 134217732 8 0 0 0 1182793728 268435456 72 3072 0 2 4224 131072 3221225472 458 540672 1090519040 0 132096 150994944 1 212992 0 128 1327104 8390656 32792 0 134217728 262144 2 2820669440 8192 262656 0 512 0 65536 128 0 2147483648 67108864 0 512 268435456 0 2147484672 4718592 67112960 2 262146 131072 2147762208 0 0 0 4096 8388608 8388736 16778240 0 0 0 8519680 128 0 0 0 0 256 524288 0 0 32928 1074799104 2097153 69206016 0 139266 2148007936 0 12289 4288 25165824 0 2621504 2148597760 536870914 16384 2147622912 0 0 2621440 1218315338 32928
is_linear=0
shrinkage=0.05


Tree=21
num_leaves=31
num_cat=18
split_feature=2 11 8 11 15 10 2 11 15 11 15 11 11 11 10 15 11 15 11 15 15 20 40 68 8 17 42 8 68 13
split_gain=178.183 87.2511 80.0035 74.7135 69.3722 64.6019 62.9543 60.0002 57.2494 53.0757 52.7881 51.7841 49.1769 48.7351 44.9077 54.7966 53.9171 47.8566 38.4714 35.8484 30.2923 26.7472 22.743 21.0173 20.6339 20.2111 19.3015 18.2226 17.65 15.9003
threshold=13.615 0 36502.000000000007 1 2 3 7.8900000000000015 4 5 6 7 8 9 10 11 12 13 14 15 16 17 9283.5000000000018 7.5000000000000009 0.14975504739134285 102015.50000000001 68.500000000000014 11.500000000000002 60996.500000000007 0.41619904228344723 6.6550000000000011
decision_type=2 9 2 9 9 9 2 9 9 9 9 9 9 9 9 9 9 9 9 9 9 2 8 2 2 8 8 2 2 2
left_child=1 24 3 29 21 -4 11 22 -9 23 -11 27 28 -12 15 26 -16 -18 -17 -13 -14 -5 -8 -2 -1 -25 -15 -7 -6 -3
right_child=9 2 5 4 12 6 7 8 -10 10 13 19 20 14 16 18 17 -19 -20 -21 -22 -23 -24 25 -26 -27 -28 -29 -30 -31
leaf_value=0.044649084721000952 0.011503353630001023 -0.0013492060517308131 0.021485169223665248 0.020135396502127565 0.028227118618276471 0.050361736904943513 0.069297260843993902 0.014169130413504634 -0.013222997292120212 -0.018409099709477156 -0.024115498333469373 0.0074323129097476738 -0.031549593053110357 0.061344077466022065 -0.018574858199579127 0.021858886590706773 0.033366031230248366 0.011901302846999823 -0.013569136282945031 -0.034200530276923498 -0.0050922175224134064 0.07126784563807502 0.014598077890294922 0.023364343772242814 -0.028846303259620211 0.060027315759868305 0.016777233012495559 -0.0053932270891105831 0.12399298726787103 0.050112958568658189
leaf_weight=104.17365758121014 76.123940005898476 17.490476198494434 136.95596447214484 79.818308904767036 66.243448562920094 27.660848736763 22.772642657160759 201.90213013440371 2278.0589717999101 184.28479623049498 100.96296256035566 59.757131446152925 127.45694568008184 37.521184757351875 117.76652083545923 82.597182258963585 310.40533940494061 1702.8967749997973 470.82087351381779 564.57925454899669 572.46473255753517 37.634551905095577 114.80514734238386 67.825565055012703 10.513761878013609 84.324443735182285 68.917361833155155 31.168032485991716 5.1881310343742362 105.81929679214954
leaf_count=867 529 152 1336 708 563 298 199 1928 23418 1637 959 766 1282 260 965 611 2135 12659 3693 8038 5368 312 996 449 101 544 514 393 43 843
internal_value=-8.78415e-05 -0.00648962 -0.00761689 0.00472182 -0.000556613 -0.0112718 -0.0126577 -0.00916835 -0.010945 0.008755 0.00693683 -0.0262126 -0.00612987 0.00860987 0.0098756 -0.00155602 0.013406 0.0153592 -0.00798741 -0.0301614 -0.0102867 0.0336541 0.0220495 0.0315693 0.034871 0.0436837 0.0296976 0.0177971 0.0308621 0.0396019
internal_weight=7868.91 4564.46 4449.78 1012.12 888.806 3437.66 3300.7 2617.54 2479.96 3304.45 3076.17 683.165 771.353 2891.89 2790.93 659.857 2131.07 2013.3 553.418 624.336 699.922 117.453 137.578 228.274 114.687 152.15 106.439 58.8289 71.4316 123.31
internal_count=72566 47611 46643 9271 8276 37372 36036 26541 25346 24955 23433 9495 7256 21796 20837 5078 15759 14794 4304 8804 6650 1020 1195 1522 968 993 774 691 606 995
cat_boundaries=0 26 52 69 70 96 113 138 156 181 207 232 233 251 277 294 320 337 355
cat_threshold=0 0 131088 16900 0 33554436 64 0 0 18874368 16 0 2048 16908288 0 1 50335761 16 337649664 0 2 5120 1048576 2097152 2 1073741824 0 34078720 272629760 16777344 0 524288 8392704 1048576 16384 100665376 0 0 268435456 0 0 0 2048 0 0 268435456 0 262144 2108416 1342443520 268468224 129 2684354560 34 81952 268500992 3 16512 2130432 33554432 64 4352 369098752 32 65536 1241513984 0 1024 2424307712 2056 514 2147500032 32769 143130624 0 16 0 268435456 406851592 33554432 0 0 4194304 524288 4194304 0 8 67108864 0 0 1064960 2050 0 128 536870912 2147508224 0 4 262656 4194432 1073741832 132104 0 285212672 553648384 2687104 1051648 4 36 65536 134217728 1024 71335936 32 2147491840 117719040 17 0 0 65664 0 268435457 2151677984 8 0 16 0 33554432 0 0 0 0 262656 512 0 65536 2149621760 134217728 4096 1073741824 8915744 147456 67108864 1 2281703424 0 48 1024 131072 134217728 2 8454144 1 262664 66560 1 256 8388608 2147483688 2131968 0 4096 2 2097152 512 278537 0 0 0 2621440 0 0 0 0 0 0 0 0 65536 71303216 134217748 0 9437184 2147483648 2048 0 140509184 263168 2147483648 769 18 0 0 0 8404992 16777280 536870912 0 131072 512 536870912 0 0 589824 131104 512 41955328 6291456 1073741824 131072 512 2147483648 16384 1 68419584 2181562368 67108864 0 1024 0 0 0 1073758208 524288 67108864 603980032 2 32768 0 0 524288 65538 12355 2415919104 256 299016 1074790400 0 16400 17039360 0 128 139520 3221225472 32 262144 2214592512 0 532480 538968064 68 536903680 134284288 65536 128 0 262144 4 2155872256 64 131072 36 0 8 0 64 67108864 0 131072 8388672 0 528384 8 0 33554688 553664512 16777344 8388608 136 122880 0 5 4480 12845056 0 258 1048704 16777216 67108864 540672 134225920 12 131072 2147483648 528384 0 0 0 0 262144 0 0 41472 231044 0 0 0 16384 0 536870912 8388608 0 0 0 256 8 16 537067520 16779297 27263104 1174405120 2147483776 655360 8388608 20971528 512 134414400 1078460416 0 88 2148532224 0 16713 2147483648 1 0 1048576 0 256 5537792 536870912 0 133380 4456448 0 24 3948544 134217728 3 393280 0 6 524288 0 21
is_linear=0
shrinkage=0.05


Tree=22
num_leaves=31
num_cat=20
split_feature=5 8 11 11 11 15 11 15 11 15 11 15 16 15 11 11 31 15 11 10 11 2 11 20 11 70 42 69 33 68
split_gain=162.562 83.1124 77.583 65.6192 62.2187 61.6701 54.2605 51.5381 50.7187 50.1843 57.5339 49.8243 42.0742 48.343 41.0981 41.0304 36.2469 57.1731 43.5397 24.7568 23.9697 23.7055 22.2967 21.4013 21.168 18.5852 24.7548 20.1363 18.4652 18.4401
threshold=0 61020.500000000007 1 2 3 4 5 6 7 8 9 10 2.5000000000000004 11 12 13 4.5000000000000009 14 15 16 17 7.9050000000000011 18 5582.5000000000009 19 0.65301003344481623 18.500000000000004 0.50835489704004588 304.50000000000006 0.074779627405002311
decision_type=9 2 9 9 9 9 9 9 9 9 9 9 2 9 9 9 10 9 9 9 9 2 9 2 9 2 10 10 8 2
left_child=1 2 7 -3 29 22 -6 -1 -7 20 -11 -5 14 -14 -12 -13 18 -18 -10 23 -8 -9 -4 -17 -21 26 -23 -27 -24 -2
right_child=4 3 5 11 6 8 9 21 16 10 12 15 13 -15 -16 19 17 -19 -20 24 -22 25 28 -25 -26 27 -28 -29 -30 -31
leaf_value=-0.024929409344611204 -0.0071190769675896007 0.022532086818529449 -0.021157740285390216 0.012489795828212087 -0.034139641397296777 0.025273534728858477 0.049092900771693204 0.0075613535000464641 0.017337206075287978 -0.020535790671553977 0.025441230846860386 0.010955482414618443 -0.015036725132145275 0.034853467407600092 0.0027846139124006984 -0.027485138780627312 0.047545423619028145 -0.0034330298879601041 -0.012875318846622373 0.0032053714451449203 0.0164219250161898 0.068903190035936299 0.091465061116223489 0.021574418315050154 -0.025529421878393133 -0.0092165171995723869 0.012240401069402388 0.07377935876269251 0.023654609813969066 0.043461896256070151
leaf_weight=37.073983497917652 20.284785740077496 103.30058889463544 23.441487986594439 125.77519034594297 71.064823165535927 112.01109988614917 80.172003962099552 49.424453131854534 121.33666495978832 193.37146374583244 211.80108370631933 98.905554234981537 58.870953366160393 226.69902758300304 2144.7339390665293 35.21890627592802 59.777647979557514 259.04971718043089 1662.3358685560524 73.114571910351515 266.46891925483942 92.073046267032623 10.576327219605444 60.272921331226826 1246.5065291896462 24.564832083880901 24.379114776849747 10.403073348104952 197.68660486862063 161.31035441160202
leaf_count=320 140 1044 212 1338 671 1016 538 545 1160 1751 1520 1024 440 1668 16375 405 528 2432 16968 833 1857 711 83 640 15095 186 191 75 1781 1019
internal_value=-9.51413e-05 -0.00642173 -0.000915517 -0.0149374 0.00805471 -0.00359953 0.00639873 0.0257498 -0.00619338 0.00740817 0.00515934 -0.0173296 0.00711027 0.0252624 0.00494073 -0.0198725 -0.00798149 0.00750862 -0.0107951 -0.0220889 0.0251428 0.0358434 0.0204217 0.00315054 -0.0239252 0.047442 0.0570409 0.015475 0.0258567 0.0358383
internal_weight=7862.01 4427.23 2684.13 1743.09 3434.78 2446.22 3253.18 237.919 2214.51 3182.12 2835.48 1639.79 2642.11 285.57 2356.54 1514.02 2102.5 318.827 1783.67 1415.11 346.641 200.845 231.704 95.4918 1319.62 151.42 116.452 34.9679 208.263 181.595
internal_count=72566 46587 26208 20379 25979 24180 24820 2028 22104 24149 21754 19335 20003 2108 17895 17997 21088 2960 18128 16973 2395 1708 2076 1045 15928 1163 902 261 1864 1159
cat_boundaries=0 1 26 51 77 94 120 138 164 181 207 224 242 268 294 312 338 339 364 390 416
cat_threshold=268436479 1048576 8929280 4325376 16777220 268435456 262164 2048 0 16384 536874016 0 0 32768 131072 33554432 0 0 0 270532608 0 512 2 1049600 268501120 268435488 2097152 2684354560 16 143130624 0 0 512 0 524544 40962 0 128 8192 524288 131072 0 16777216 0 512 2 0 0 77824 1312 536870912 32 16777216 0 1 0 0 65664 0 278953985 2157969921 8 0 0 0 0 0 2147483648 1 0 0 512 0 65536 2149621760 201328656 64 0 3221225792 20480 0 536870928 136 16896 268435456 8 69632 1073776640 268435492 262912 17829888 0 4 25690112 12582912 1073743872 134348800 0 2147483648 16778497 536870912 1048577 2181562368 536870912 0 1024 1073741960 0 0 16388 532480 0 0 1 0 524352 1024 0 256 16384 0 0 3293184 805306368 17 256 102760448 0 404 0 3355443200 4 16896 1073741824 1 2048 0 2 0 0 268435472 82432 134217864 67108864 8388608 1048576 537133056 132 2080 0 805306368 0 0 0 136193 0 67108864 0 268435458 128 2147483648 2097152 0 16384 8650752 128 1056776 3145728 134217728 262272 262144 2148532224 256 3178512 50331648 67108864 66568 0 12 4326400 536870912 32896 8388608 1114112 0 0 32832 16384 2147483648 16384 67633156 0 135168 1048576 0 0 2147483648 0 32768 67108864 134217728 36864 160 128 384 1114112 16781312 0 32 16384 384 0 264193 262160 16842752 192 2129936 1610622976 0 540705 40960 16 2048 2097152 0 256 262144 33554432 1 19040 2162688 1073741824 64 9048064 2214592512 0 4096 671088640 1 559104 268435456 39 2048 5251104 1090535424 0 0 135790608 4096 541065216 8192 16777248 0 0 0 2121728 0 4194304 4194320 0 4194304 0 0 1024 131072 8388608 4 4194816 4194304 163840 0 16 0 262144 262224 131072 4096 88080388 256 0 128 268468224 0 0 16384 131072 0 0 1 0 0 69206032 1074800640 2147483648 0 16 306176 16777216 1 512 1073741824 2147483648 192 49152 536870912 1 135168 2281701376 1 6308352 33554432 198 1088 33554432 2147483648 0 2 8913152 0 134217728 0 268517376 1024 0 65536 9207808 4096 0 0 32 4096 262912 262144 0 18874368 0 8 1090519042 2216 0 0 310411296 0 0 0 0 0 24576 43012 0 0 0 0 0 2248146944 0 0 0 393216 0 0 8192 1077942320 34177056 4096 0 8388608 0 0 0 0 0 0 81924 0 0 0 0 16777216 0 0 0 0 524288 0 0 16384 133152 524296 2048 262176 66560 50331648 8 268566528 4194304 0 134774784 32768 536870912 0 0 67112960 0 4195328 4194304 8 0 4194304 0 16384 0 131104 16384 514 1107296384
is_linear=0
shrinkage=0.05


Tree=23
num_leaves=31
num_cat=22
split_feature=2 10 11 11 31 15 11 15 15 11 11 15 11 11 15 10 15 11 8 11 15 11 15 33 12 63 16 11 68 31
split_gain=153.564 83.5098 90.0413 79.3297 70.8913 69.5816 66.4023 62.9997 56.0612 52.8995 48.3908 47.7287 42.4045 40.4031 38.1829 37.575 29.6467 32.7663 29.0851 49.6228 47.1473 32.5233 29.7642 26.0355 25.084 20.5392 19.433 18.2119 17.8534 17.1819
threshold=9.6250000000000018 0 1 2 5.5000000000000009 3 4 5 6 7 8 9 10 11 12 13 14 15 50000.020000000011 16 17 18 19 637.50000000000011 20 62151.500000000007 1.5000000000000002 21 0.31578199463915596 6.5000000000000009
decision_type=2 9 9 9 10 9 9 9 9 9 9 9 9 9 9 9 9 9 2 9 9 9 9 10 9 10 2 9 2 10
left_child=11 2 25 -3 5 27 14 24 -6 -8 -10 -1 -9 26 -7 29 -14 -18 19 -17 -21 28 -23 -12 -4 -2 -13 -5 -20 -15
right_child=1 3 7 4 8 6 9 12 10 -11 23 13 16 15 -16 18 17 -19 21 20 -22 22 -24 -25 -26 -27 -28 -29 -30 -31
leaf_value=0.015979851297791305 0.038759020980352464 -0.028401441983561117 -0.011820443348074883 0.017959060648078444 -0.017552413443599649 -0.0075268063096347653 -0.024445210443685111 0.020127493640439375 -0.015351540413652696 0.0063968694719431993 0.05238356752558751 0.006353372836115043 0.0069325003121429255 0.008325103248565377 0.038918351664385425 0.026184842714427659 0.010883661430123009 -0.021918268134084363 0.0059473213516191168 0.022090608438337506 -0.022827586789103231 0.003974429613602031 -0.033103670638351422 0.026779327296335382 0.033820350556292351 -0.038249923912122064 0.066435921184607963 -0.024596686372469246 0.13351375690787787 0.10782141471854399
leaf_weight=120.05392858013511 124.57857306301594 145.78917534649372 40.140727832913399 23.844312936067581 73.83476660400629 57.084880538284779 135.90824500471354 77.770540803670883 57.396933451294899 3202.7123070210218 129.81280687451363 71.921632960438728 119.85499879717827 89.946822661906481 231.03645836561918 67.047427468001842 80.793094307184219 965.31907659769058 50.639110740274191 60.636128790676594 457.92611471563578 64.715394895523787 630.84081073850393 422.18060080707073 97.642036318778992 9.3052111864089948 16.556088980287313 221.73097547888756 2.8998187482357016 4.5589960105717173
leaf_count=1273 987 1412 351 207 608 423 1236 649 446 26574 900 724 1012 1060 1700 707 679 8564 617 615 5457 839 9121 3236 820 73 161 2036 31 48
internal_value=-9.11248e-05 0.00349724 -0.006688 0.00678011 0.00796575 0.00536329 0.00711086 -0.0105457 0.0228323 0.0050721 0.0275612 -0.0137123 -0.0141356 -0.0160605 0.0297725 -0.0181296 -0.0165727 -0.0193059 -0.0203261 -0.0121305 -0.0172567 -0.0270044 -0.0296464 0.0322171 0.0206236 0.0310849 0.0158093 -0.0199237 0.0108332 0.0118689
internal_weight=7854.48 6216.74 1515.4 4701.33 4555.54 3872.32 3626.74 1381.52 683.225 3338.62 609.39 1637.74 1243.74 1517.69 288.121 1429.21 1165.97 1046.11 1334.7 585.61 518.562 749.095 695.556 551.993 137.783 133.884 88.4777 245.575 53.5389 94.5058
internal_count=72566 51913 13135 38778 37366 32176 29933 12075 5190 27810 4582 20653 10904 19380 2123 18495 10255 9243 17387 6779 6072 10608 9960 4136 1171 1060 885 2243 648 1108
cat_boundaries=0 1 28 54 71 97 114 132 159 185 202 228 254 272 273 291 317 343 360 386 404 406 431
cat_threshold=8259 2097152 8192 32769 1073742336 134217728 262144 0 0 0 5112320 0 0 36864 0 0 33554432 0 0 0 0 524288 8 1122304 2290122752 32800 34603008 2 0 268503040 136380416 2147483648 0 16781312 540672 1 64 64 6 0 0 33554432 0 4 8192 16384 32768 8 2658560 0 0 524290 131072 67108992 1048576 0 524580 672768 0 2 2147487744 4194304 0 532736 32768 2281701376 131091 2148007936 1 532480 287744 1056 2148007936 16 8192 0 2097152 0 805306368 545259784 10240 72 0 0 805306368 0 0 20971521 0 0 0 0 4 131072 1075838976 0 1088 2281701376 512 4104 538705920 1073741824 18 1024 807403520 0 4194816 2248146944 32 525313 67108864 0 8192 1096810496 0 512 4194304 142606336 32 2064 100696064 0 0 8389632 2290089984 32 32896 34603008 2 1843328 1073741824 10 33554688 67112960 0 128 536903680 131328 0 2097152 1048608 0 0 131072 16 0 64 1210073088 655360 0 2684355648 0 2147549184 335544320 0 0 2097152 1048576 4 1536 4194304 34816 0 0 786432 512 671088640 8454272 537526432 0 0 20971520 0 0 536870912 0 0 0 0 1 4 133136 0 8423424 512 1074266112 3305112580 524288 256 20971552 65664 0 65536 96 69632 1058816 411041840 128 8192 4 0 268435456 1048576 66560 0 33554433 0 4202512 512 0 0 33554448 0 0 4194320 0 0 0 0 131073 0 0 256 0 0 524288 17041416 14681216 4194432 0 33701888 2180 32768 4112 16 0 262144 2231435264 256 0 65536 524288 16908288 0 2048 0 67108864 256 0 2 2147549184 67108992 0 8388608 0 324 73728 1342177280 2 3840 1572864 335544320 2 131072 1073741824 0 256 914358272 0 1249280 0 160 6400 0 384 264192 335544320 40 131072 335560704 8388608 256 1048786 139460608 5 131072 2359296 0 0 67108864 128 16384 67125248 278560 16777216 0 131072 130 69206016 32768 16777258 0 0 33554432 49152 67108864 536870912 2155872256 16384 0 0 0 2048 2064 2097408 0 2147483648 0 8388608 34816 0 0 8653056 0 33554432 0 74 0 0 0 16384 0 570425344 0 67108864 0 268698112 1048608 128 0 541855744 134743040 33556480 570425344 513 131124 134217728 8 4352 0 4194304 0 133120 83886080 4 4360 22020096 0 386 1082130432 2 167936 2147745792 536903936 0 0 4098 14680064 528384 10485761 0 4096 0 134217728 4194944 0 8192 0 0 0 268435456 0 0 4194336 8193 2097154 0 288 8200 537591808 536870912 8705 4288 1090519040 128 2392321 2151677952 1073741824 16384 163840 0 12 0 16 13697058 21636 4096 537395200 16777216 0 0 0 0 0 8192 1280 0 0 0 0 0 67108864 0 0 0 131072 0 0 0 71303184 1
is_linear=0
shrinkage=0.05


Tree=24
num_leaves=31
num_cat=24
split_feature=5 68 11 11 11 15 15 11 8 11 15 11 15 15 11 11 15 15 11 15 11 15 11 8 15 58 15 11 3 31
split_gain=140.276 66.1289 67.832 67.7415 64.4474 61.6653 55.9652 54.2189 51.7072 72.5033 55.6844 72.6138 52.3858 51.2893 52.6974 49.1785 47.1773 44.9242 44.2469 42.8811 39.0181 28.7012 25.4068 25.1358 23.7 21.1287 20.5742 20.2867 19.2169 18.9038
threshold=0 0.2333262039233471 1 2 3 4 5 6 81002.000000000015 7 8 9 10 11 12 13 14 15 16 17 18 19 20 74876.000000000015 21 87.500000000000014 22 23 196.80500000000004 6.5000000000000009
decision_type=9 2 9 9 9 9 9 9 2 9 9 9 9 9 9 9 9 9 9 9 9 9 9 2 9 8 9 9 2 10
left_child=4 3 -3 23 -1 22 -4 24 10 -10 18 12 -12 -13 -15 28 25 -9 -6 -17 -19 -21 -5 -2 -7 -11 -14 -18 -8 -24
right_child=1 2 6 5 8 7 15 17 9 16 11 13 26 14 -16 19 27 20 -20 21 -22 -23 29 -25 -26 -27 -28 -29 -30 -31
leaf_value=0.028883809152066165 0.042549827091881223 -0.025599790849760159 -0.019312038707554827 0.051039023787878092 0.019807180483881685 0.013075672288755913 0.14705853414239128 -0.020828836567442117 0.020791636707641857 0.16689049686366933 -0.024019759345947453 0.020290140412466406 0.059976431135929854 0.023939868156177439 -0.011544949539888742 -0.0081301477873611788 0.0010605043345119649 0.021211320132349179 -0.030658917398926556 0.035592575527008889 -0.00080314951836557265 0.014257936257959458 0.0072068135851620961 0.0046437879732955977 -0.02991386701562538 0.010514131545352476 0.020136490331329991 -0.035687839264857399 0.042746692529190493 0.053454514436067073
leaf_weight=104.51370123773813 132.46108909696341 96.828044064342976 98.764615476131439 52.791833713650703 46.161804683506489 35.377720199525356 4.5308552607893935 239.83409102261066 84.124100171029568 2.2443743348121643 47.782223500311375 153.78768554329872 48.166339162737131 103.81290803477168 1525.1341332197189 173.57942577451468 49.394710324704647 216.38051034510136 316.10150914639235 203.28457643836737 1813.9570422247052 896.46148209273815 180.23645650595427 65.289909534156322 237.00026324391365 57.518737982958555 177.55898379534483 487.36635733395815 173.05777348577976 25.183027349412441
leaf_count=897 915 809 795 398 513 311 29 2023 984 25 470 1536 436 1028 17033 1324 604 1604 3726 1385 14684 6639 1405 509 2204 691 1722 6500 1192 175
internal_value=-9.52137e-05 0.00545194 0.0135145 0.00104288 -0.00812971 -0.00100055 0.0160203 -0.00339356 -0.00946681 -0.0216714 -0.00607116 -0.00280588 0.0207313 -0.00651246 -0.00915123 0.0185412 -0.0275465 -0.000818725 -0.0238689 0.0148233 0.00163547 0.0184868 0.0218108 0.028589 -0.0240649 0.0140379 0.0308214 -0.0323486 0.0429874 0.0122787
internal_weight=7848.69 4645.02 1646.51 2998.51 3203.67 2800.76 1549.68 2542.55 3099.15 680.648 2418.51 2056.24 273.508 1782.73 1628.95 1450.91 596.524 2270.17 362.263 1273.33 2030.34 1099.75 258.211 197.751 272.378 59.7631 225.725 536.761 177.589 205.419
internal_count=72566 36401 12173 24228 36165 22804 11364 20826 35268 8804 26464 22225 2628 19597 18061 10569 7820 18311 4239 9348 16288 8024 1978 1424 2515 716 2158 7104 1221 1580
cat_boundaries=0 1 27 54 80 98 115 141 167 185 211 229 246 272 298 316 333 359 377 403 420 446 463 481 507
cat_threshold=255 2097408 0 0 134217728 0 2147500048 0 202375168 36700160 2 0 0 262144 134225920 2147483680 0 8388608 67141632 0 134217730 2621440 524296 0 0 1088 524294 1048640 0 1073741824 136314880 0 16 16 671088640 10502152 9 0 0 65536 2105344 128 4194304 8388609 0 0 512 0 0 0 2686484480 33556480 1088 2 0 0 131072 2048 268435456 67108868 64 0 2 50331650 80 0 34816 17301504 0 0 4097 4112 335552512 0 0 8192 2165374976 0 16 1073758208 0 32 2117648 16809984 134217729 262176 0 18874368 512 7348224 72355840 32 524328 1075838976 0 1 8388608 320 0 0 11014960 0 0 12 34816 0 672 4202496 131072 32 278539 393216 0 512 276824064 36864 142606848 32768 2148007936 0 32768 8192 1048576 65664 100663360 0 131072 8 0 25165824 2214592512 0 0 545259520 268435456 81952 16 65536 0 65536 1 2359296 131072 280580 8913424 0 2097152 512 134217728 8389120 4235392 0 0 0 16384 0 0 0 32768 512 0 16384 2 131072 4210720 8 2147483649 2147483648 0 1048576 603996160 4 64 4194304 536870912 16 795648 134742016 1 132160 3489660928 0 1660960 0 34 4194562 524288 302022656 16777216 134217728 16 0 0 536870912 280608 0 0 0 131072 0 536870912 0 131072 0 256 1048576 6 8192 1342177408 1090519076 10485760 0 0 528384 268435456 1 1024 539230208 0 262 1071104 16777216 6 2688 0 10 393216 2415919104 1 604504064 3221226624 16384 128 553648128 136 16928 0 256 4096 1048576 134217728 787344 0 0 4 444596224 1048576 2181046272 2147483648 136 524296 262144 0 268566528 0 2483028993 32 128 16777344 32768 4194304 128 16777216 0 0 536870912 0 266240 2098176 16 0 2 4096 8912928 262144 524288 0 142606336 0 0 41088 8448 0 0 16 16384 0 0 2147483648 0 0 0 512 16 65536 6488064 1209073664 4194305 0 1073741824 0 2147549184 0 16 268435456 0 84 2195456 2466783232 0 17412 33587200 0 2164736 2228224 4 603979776 514 4194304 402800640 8 74240 2147484672 0 36 8 2284453888 2 4 540672 2 1048584 201326592 262144 0 67108920 2097152 134217728 0 0 137363456 16384 4326464 0 0 4096 0 0 33554432 2151677952 1 0 268435456 0 0 0 612372480 66569 2112 1073741824 34 65600 553648128 1 1280 613421056 536870912 18 512 4194304 0 532608 77594624 0 320 0 200 524288 2202017792 67108880 1 0 0 256 8388608 1 136314916 0 0 0 65536 33554432 0 0 8193 0 8388608 640 0 1049104 32 3221225480 33556480 201326592 640 4235264 402653184 10 135168 0 134217728 65 137344 2449473536 0 1024 1358954496 4 6291456 67108864 0 537395200 276858912 0 0 32768 0 0 65536 4261888 0 0 0 0 0 2181038080 0 0 0 393216 0 8 0 67110912 524288 524289 0 6 65536 4194304 4 0 819200 1073741824 322 16384 1342177280 0 18432 2684354560 0 132096 134217728 0 72 262656 2155872256 10 0 26411008 0 72 0 268435456 8 40960 67108864 1 4228352 0 88 536870912 98304 268435456 0 1048576 131088 4 0 37128 603980800 0 131072 8200 8192 0 1073741824 4194304 0 2048 402653186 0 0 0 67108880 262144 1024
is_linear=0
shrinkage=0.05


Tree=25
num_leaves=31
num_cat=20
split_feature=2 11 10 15 11 31 11 15 11 15 8 11 15 15 11 15 11 68 8 15 11 11 15 15 11 20 0 42 68 68
split_gain=131.676 77.4134 74.8517 81.4716 79.708 75.5069 62.3028 59.4853 62.1266 58.4334 53.3743 49.87 52.9787 44.4016 44.0302 43.8642 42.9158 33.3945 32.5971 49.3136 43.9318 37.7677 30.3164 26.7157 23.2115 22.2414 25.6151 20.8229 19.5868 19.3686
threshold=9.3250000000000011 0 1 2 3 4.5000000000000009 4 5 6 7 49004.000000000007 8 9 10 11 12 13 0.23885012189878593 50712.000000000007 14 15 16 17 18 19 10141.500000000002 3512.5000000000005 39.500000000000007 0.31249697733595777 0.45399885766793457
decision_type=2 9 9 9 9 10 9 9 9 9 2 9 9 9 9 9 9 2 2 9 9 9 9 9 9 2 2 10 2 2
left_child=13 17 5 -4 27 7 -7 16 15 -8 -10 -6 -13 -1 -11 -9 -3 -2 19 25 -21 28 -22 -23 -24 -15 -27 -5 -20 -19
right_child=1 2 3 4 11 6 9 8 10 14 -12 12 -14 18 -16 -17 -18 29 21 20 22 23 24 -25 -26 26 -28 -29 -30 -31
leaf_value=0.015272810166724757 0.021899255067994991 0.017284322624398274 0.050482668495037741 0.056034947123055207 -0.033904606273793637 -0.027631649652356774 -0.017752529656391607 -0.02297122622346939 0.0042911311518301519 0.042797471951357857 -0.0085697404837903769 -0.028377085529749293 0.013025013570950206 0.014106254409278002 0.01342561272056741 0.030929860600245579 -0.026286480746098746 0.061149157181406955 0.010383398696093223 0.029782727350478939 0.011208345241095095 0.0064693511563608018 0.015281126714389746 -0.027988431047244612 -0.025288126506376005 0.21521703200955572 0.052464333479050398 -0.015776585787815267 0.12762469976260982 0.16929995569535727
leaf_weight=123.21558501198888 102.94665931165218 61.554025419056416 131.76451005786657 105.6095539405942 75.253568388521671 87.870084583759308 119.78890313953161 40.116544827818871 1415.9208282753825 152.29233095049858 1875.0864010900259 81.48044303804636 511.7302480712533 60.455636568367481 810.65473820269108 217.91321621835232 394.52307718992233 51.810397364199162 56.22747440636158 47.917277179658413 79.337270721793175 63.880710057914257 35.471538245677948 685.2192877009511 410.3586208820343 2.7409381046891239 20.492066591978073 11.161573484539984 3.8033616393804541 4.4992923215031615
leaf_count=1284 769 520 991 795 623 759 1011 316 11025 1077 17196 679 4102 594 6290 1745 3739 352 682 483 876 814 379 10064 5026 25 197 84 41 28
internal_value=-9.08411e-05 0.00317583 0.00224012 0.0153263 0.00886636 -0.000103484 0.011067 -0.00336863 -0.0011506 0.0143305 -0.00302729 0.00192951 0.00696207 -0.0129427 0.018463 0.0220053 -0.0201613 0.0365383 -0.015314 -0.00714275 -0.0123635 -0.022136 -0.0166937 -0.0250035 -0.0217959 0.0268741 0.0716653 0.0452921 0.0152681 0.0697907
internal_weight=7841.1 6251.98 6092.72 917 785.235 5175.72 1170.61 4005.11 3549.04 1082.74 3291.01 668.464 593.211 1589.12 962.947 258.03 456.077 159.256 1465.9 656.773 573.085 809.131 525.167 749.1 445.83 83.6886 23.233 116.771 60.0308 56.3097
internal_count=72566 52101 50952 7274 6283 43678 9137 34541 30282 8378 28221 5404 4781 20465 7367 2061 4259 1149 19181 7580 6764 11601 6281 10878 5405 816 222 879 723 380
cat_boundaries=0 26 27 45 70 96 114 141 159 185 203 220 245 263 289 307 333 359 376 394 420
cat_threshold=32 2147483680 0 0 0 33554432 64 0 402653440 2149580800 8 128 32768 67141632 33554688 0 50331649 0 2162688 4096 2 1024 69632 2105856 0 268435456 12375 33554432 4 868352 3489660928 16 0 18087936 0 5 3145760 806354944 0 51232 268435456 1 1028 0 256 0 524288 83886080 0 0 524288 1024 0 16384 51341 0 0 0 73728 67108864 2181038080 0 0 512 671350784 1049217 0 8192 805306400 16 264704 142606848 65536 2147483648 134217728 16 8 503382016 0 268435456 0 0 8 65536 0 0 0 0 256 0 557056 2048 16 1073741824 2416449536 512 269484032 1024 527104 537018368 0 512 139392 262144 37 795136 0 2 163840 134742016 1 540676 0 1 0 33587200 1074790417 0 134348800 2149580800 512 0 536879105 4325376 64 0 0 0 0 4194304 0 0 0 2097152 0 0 524288 0 3510642708 512 2 0 4 4259840 1115684864 40 8193 570458112 167772160 0 4197376 9437184 1073741824 270530 540016640 0 0 268435456 24 557056 4096 32768 33554448 0 3229614080 514 1048576 262144 67239936 0 0 16777216 0 0 0 0 0 0 0 256 2048 16384 2248146944 99329 1 2147483648 18 4194304 17301504 4 139296 134283264 2147483648 0 4735488 2315255808 17 0 0 6 43520 41943040 8 524288 3305113092 524288 256 20971552 66176 0 2162688 96 69632 2147485696 411041840 128 0 4 0 524288 1572864 67641344 33587200 16 0 1207959680 2 0 0 1544 0 0 16 16384 16777216 2181038080 2147483648 131072 4194336 0 512 0 8192 604110864 33554440 1073741824 0 282624 2415919104 0 0 62914560 2147483648 256 32768 2147483648 1 256 67108864 6 2490368 805306368 80 524800 131072 17039360 0 0 262144 0 0 0 10944 0 0 0 0 0 67108864 0 1 0 0 128 134 0 1073741872 469794816 37751426 1645215744 0 135172 151060480 16 264 8404992 0 0 131584 16777216 4 264 33554432 2 770 1086324736 64 262144 536870912 8 128 0 264464 0 3388997632 0 66 0 0 16777224 268517376 0 536870912 2048 67108864 0 262656 32 0 0 262144 1024 41945088 2 163840 2147745792 536903936 0 0 0 8519680 528384 612368385 0 0 0 557056 4194304 0 8192 0 4096 0 268435456 0 196608 160 1074790409 2 0 161 1049122 2156134400 8 22528 327680 541065216 0 4196480 1073741824 0 0 269484032 0 2367680 268435456 2097152 256 512 720896 0 8193 469766208 1073741824 8 2130209 22020096 67108866 16384 8192 0 24 4227072 16 16384 0 1048608 8388608 0 0 0 0 0 218169352 0 0 4 2097152 16777344 0 0 0 4608 0 1048576 0 17826848 3230138368 134217728 6291584
is_linear=0
shrinkage=0.05


Tree=26
num_leaves=31
num_cat=20
split_feature=5 8 11 11 10 15 15 11 11 11 11 2 15 11 64 15 15 15 58 11 46 15 15 3 11 11 39 64 40 21
split_gain=122.43 73.1617 87.8497 71.7871 60.1564 67.8577 63.3063 58.0628 57.2629 52.7334 46.2294 44.2783 41.9506 51.1555 42.3603 37.2734 34.5447 33.7506 31.6597 30.1113 36.9658 29.9447 29.4185 27.167 26.3211 20.9988 19.3843 24.9589 18.9477 18.8656
threshold=0 91026.000000000015 1 2 3 4 5 6 7 8 9 7.5000000000000009 10 11 2950.0000000000005 12 13 14 90.500000000000014 15 3.5000000000000004 16 17 696.46000000000015 18 19 4.5000000000000009 23207.500000000004 11.500000000000002 20.550000000000004
decision_type=9 2 9 9 9 9 9 9 9 9 9 2 9 9 8 9 9 9 8 9 10 9 9 2 9 9 8 10 10 8
left_child=1 3 -3 -1 6 29 19 23 -2 21 -10 -11 25 22 18 -16 -9 26 -15 20 -5 -8 -14 -7 -19 -12 27 -4 -21 -6
right_child=8 2 17 4 5 7 9 16 10 11 12 -13 13 14 15 -17 -18 24 -20 28 -22 -23 -24 -25 -26 -27 -28 -29 -30 -31
leaf_value=0.031415897640759319 0.03490668586821967 0.028606747408026597 0.24420779066864562 0.050084344337289866 0.017120457814593305 0.03786073568291088 -0.021764007533699004 0.027569247137554986 -0.03043115304353556 -0.028136489183193843 -0.0045133872798548717 -0.0085741241041834629 0.020223443829067596 -0.0074254863354968996 -0.015052140091978411 0.0065980309512942165 -0.012213561118741742 0.002881256770717989 0.04527541963606424 0.014263802862265765 0.18722883031507359 0.025892079058097397 -0.025231684359476061 0.19836544953889662 -0.034951787464338031 0.027368802446493451 0.004254873228594986 -0.0056042040256379273 -0.046134466925535876 0.065822419190843376
leaf_weight=136.43513709679246 164.25472680479288 73.746412768959999 1.9902284406125548 25.808324515819553 28.083934549242258 77.210841748863459 35.288172800093889 55.540239103138447 78.138535767793655 331.68268161639571 65.38066291064024 2261.5811662711203 37.280898332595825 38.097905606031418 209.0157705694437 2260.4444545507431 332.69789190217853 57.484379909932613 113.09180992096663 165.36352309584618 6.0688029900193206 149.22243941575289 199.71843854337931 2.7295678965747348 483.23221766203642 311.29062356054783 49.324619270861149 2.0093019343912601 14.091756310313938 68.108164273202419
leaf_count=1140 1030 820 19 234 273 738 333 537 740 4794 444 22944 312 266 1731 16838 3410 677 764 1633 49 1404 1738 25 6206 2116 601 25 144 581
internal_value=-9.23999e-05 -0.00566965 -0.0209117 -0.00292657 -0.00432139 0.0105331 -0.00715182 0.00227121 0.00689458 -0.00917812 0.00540467 -0.0110336 0.00636156 0.00424941 0.00628027 0.00473132 -0.00597298 -0.0270847 0.0319955 0.0186934 0.0579994 0.0161274 -0.0175521 0.0385223 -0.0309504 0.0218612 0.0108117 0.118706 0.00901847 0.0467441
internal_weight=7834.41 4357.7 667.787 3689.91 3553.48 564.371 2989.11 468.179 3476.71 2777.77 3312.46 2593.26 3234.32 2857.65 2620.65 2469.46 388.238 594.041 151.19 211.332 31.8771 184.511 236.999 79.9404 540.717 376.671 53.3241 3.99953 179.455 96.1921
internal_count=72566 46587 8348 38239 37099 5564 31535 4710 25979 29475 24949 27738 24209 21649 19599 18569 3947 7528 1030 2060 283 1737 2050 763 6883 2560 645 44 1777 854
cat_boundaries=0 1 26 51 52 70 87 113 138 164 190 207 233 250 268 285 310 328 346 372 398
cat_threshold=268436479 2097152 0 280592 524816 0 0 512 0 8421896 725655680 0 0 0 0 0 0 0 0 512 134217728 0 2 2064 18688 528 16 2155888640 655376 0 268435456 20 2112 0 0 0 16 0 0 16908288 0 1 1 131072 337903616 4194304 268435458 0 2148597760 270532736 1073741824 8311 268435456 65 16384 3221225472 0 33032 25427968 0 5 65568 1619001344 0 8708 1275068416 5 262144 536870912 64 0 1677721632 16904 0 553648128 131072 65572 270536704 1073741960 16640 67112960 134217728 257 16781312 0 6 8912896 4096 532480 285212672 0 0 16448 0 134217728 128 34820 0 0 8192 73728 33554432 2248146944 8388608 0 512 262144 2097184 0 0 537133088 167772192 1048577 32 16777216 0 1 0 0 65664 4194304 278921225 2157969920 8 0 0 0 128 0 2147483648 0 0 0 512 1024 69632 2269184 201328656 0 0 33554432 16388 0 4456448 0 2685403136 0 918568 0 128 65664 8421376 67112960 0 1183744 32 8192 0 0 8196 1024 16 2 16384 12582912 1073741824 131072 0 2147483648 16777472 0 3145729 2181562368 536870912 0 1024 1073741960 0 0 16388 532480 67108864 4096 1 268435456 524352 1024 256 256 16384 8650752 128 1048584 3145728 134217734 4224 285212672 2148532224 1 3145744 2198077440 67108864 66568 0 8 135168 2147483648 128 8454144 1148928 25165824 0 36864 16384 0 16384 524288 0 0 1048576 0 0 2147483648 0 32768 67108864 134217730 36864 2080 0 4224 1048576 16781440 536870912 32 8912896 147456 0 8193 2147485697 0 208 264256 32768 2415919104 8208 8388608 1 49216 134807552 0 16 591376 0 32 4737 268644608 67108864 82 12288 0 0 2304 0 2 1280 0 2 134217728 1073741824 65536 2147614720 134217729 0 1048576 33554432 268435456 525320 2685935616 0 0 2148147200 0 2592 155320320 524288 532992 34816 0 0 0 0 0 16384 33562626 0 0 0 0 0 2684354560 0 0 0 0 128 0 0 1145045024 65573 0 0 8192 0 4 16384 48758784 2281701376 6 2097664 134217728 4 8704 1342177280 0 2189312 0 10 0 2 557056 805306368 1 262208 68943872 0 0 32768 536870912 0 512 343932928 1 4194304 0 192 262208 163840 2415919108 8388608 0 1048960 4 0 256 67125252 2 0 0 24576 0 1073741824 20971520 32768 2048 268435456 16384 0 8192 67108992 262144 1025 0 537395200 0 0 0 524352 0 0 65536 17668 0 0 16 8192 0 603979776 0 0 0 0 2097184 8 26624 805306368 1073840129 1575424
is_linear=0
shrinkage=0.05


Tree=27
num_leaves=31
num_cat=17
split_feature=2 16 15 11 68 15 11 15 11 11 15 10 11 15 11 21 11 3 39 33 31 8 15 11 15 20 43 3 32 11
split_gain=113.635 76.2591 82.8628 76.6275 67.5679 75.2519 68.4808 59.4845 62.2192 58.0821 49.2512 47.3674 46.1286 38.9461 36.691 33.6437 29.8491 34.9384 29.4789 29.3467 24.5501 24.4144 42.7865 33.8499 30.7158 23.9079 21.9155 21.202 19.7466 19.4814
threshold=8.4350000000000023 2.5000000000000004 0 1 0.26315154678412828 2 3 4 5 6 7 8 9 10 11 46.050000000000004 12 322.27000000000004 2.5000000000000004 64.500000000000014 6.5000000000000009 66021.500000000015 13 14 15 14984.500000000002 4.5000000000000009 221.76000000000002 3914.5000000000005 16
decision_type=2 2 9 9 2 9 9 9 9 9 9 9 9 9 9 8 9 2 10 8 10 2 9 9 9 2 8 2 8 9
left_child=10 3 -3 19 7 -6 -7 16 26 -4 15 -10 -8 -11 -12 20 17 -5 -15 -2 -1 22 25 -24 28 -16 -9 -27 -23 -26
right_child=1 2 9 4 5 6 12 8 11 13 14 -13 -14 18 21 -17 -18 -19 -20 -21 -22 24 23 -25 29 27 -28 -29 -30 -31
leaf_value=-0.0077211663216038735 0.14655627771342938 -0.03058641604565096 -0.016810460267190547 0.11282609696783773 0.035478354089954693 0.033515400136117528 -0.036559089693630704 0.059499889281912105 -0.0087521112044483557 -0.0046071166842578037 0.015025039278528135 0.0058169457055461749 0.0025279327632454379 0.046234364250100461 0.007182110261572958 0.054248906802348264 0.01091075258356246 0.017423606681958036 0.01342440630149196 0.032770822278195763 0.10283594666882011 0.20585209628120987 0.016960566933849962 -0.02388309548011263 0.0045394353032682851 0.16415989729991912 0.015849551860606877 0.035579672802834632 0.0099608384300475337 -0.040261230337642756
leaf_weight=86.169916737824678 5.8988556489348403 67.052574746310711 66.952955815941095 22.125053517520428 213.64532212913036 164.30442195013165 70.63081631809473 36.456424079835415 3195.6547206565738 66.585505213588476 74.560244970023632 670.79839279130101 1172.111179612577 314.14714752882719 70.784501120448112 38.865474559366703 190.02625499293208 16.947868302464485 87.537106942385435 143.94832178577781 5.3320634812116614 1.3378376998007295 52.216843992471695 496.66047439724207 32.315063770860434 4.7546071149408808 136.12358656153083 9.8435849212110025 33.508419118821621 280.00170550867915
leaf_count=996 35 569 573 164 1535 1191 601 268 28924 549 856 5528 9402 2489 838 426 1564 140 690 1066 57 17 644 6581 471 52 1121 117 499 4603
internal_value=-9.1887e-05 0.00245442 0.0194202 0.000762314 -0.000165873 0.00852535 0.00415116 -0.00346648 -0.00488251 0.0257749 -0.0143456 -0.00621601 3.23357e-05 0.0320879 -0.0178336 0.0141871 0.0208031 0.0568863 0.0381349 0.0349197 -0.00127871 -0.0204563 -0.0148303 -0.0197635 -0.0313241 0.0171848 0.0236973 0.077458 0.0135835 -0.0356287
internal_weight=7827.3 6640.95 602.275 6038.67 5888.82 1620.69 1407.05 4268.13 4039.03 535.223 1186.35 3866.45 1242.74 468.27 1055.98 130.367 229.099 39.0729 401.684 149.847 91.502 981.423 634.26 548.877 347.163 85.3827 172.58 14.5982 34.8463 312.317
internal_count=72566 56409 4870 51539 50438 12729 11194 37709 35841 4301 16157 34452 10003 3728 14678 1479 1868 304 3179 1101 1053 13822 8232 7225 5590 1007 1389 169 516 5074
cat_boundaries=0 18 44 62 88 105 131 157 174 175 201 219 245 270 288 314 331 357
cat_threshold=0 257 4194304 0 10 68160 100679680 1073741824 576 8388864 8650752 0 512 138412032 5 788480 67108864 2 32 8192 0 1 524288 33554432 64 0 268435457 2147516928 72 128 2048 524288 65792 0 33554433 16 270860288 0 2 1024 1048576 2105344 0 268435456 201326592 578 4204544 0 1073741834 131200 67110400 0 256 1048576 268435456 8 67072 0 4 6292480 604504064 34 0 32 294928 0 0 3145728 262144 1077936128 536879232 2304 0 0 0 32768 33554432 0 0 131072 0 0 0 0 65552 213909664 1155072 4194816 0 8 8 1114240 2097152 0 324 2166358016 1073741832 2129936 34871552 32 524288 0 0 2 25165824 64 553648128 67108864 136314912 0 16 8388624 536870912 140509192 0 256 0 65536 2097152 0 4194304 16384 0 4194304 4194304 0 262144 84017152 768 2064 33558528 4098 8192 1050624 0 134217728 143163424 0 0 270336 34304 0 512 16384 0 0 536870912 0 0 0 134873344 589824 0 16400 0 33620032 512 1644691456 1073742340 2 17301504 557842448 4736 0 6291456 64 196624 2214592512 276824068 256 536870912 0 0 268435456 8287 1088 0 0 671088640 0 16 16 0 131072 0 0 0 8470528 134225920 2214592672 536870928 8388608 16384 16777216 8388608 2097152 0 16777216 33587200 279040 2048 2147483648 4 526336 0 536870945 260 262144 2147483648 4 690176 2282749952 0 28804 536870912 0 36864 268435456 1 4194304 0 285343744 32896 128 4096 0 547356672 4608 2147746848 256 0 65536 131072 192 33554432 0 0 67108864 256 0 0 2164260864 0 2048 65540 0 2147483648 268437504 0 0 0 0 0 16384 2048 0 0 0 8192 0 2684354560 0 0 0 131072 128 0 8192 1073747968 1107820576 0 128 20480 2097152 0 0 156672 537395200 0 4194944 1107427328 0 142360 9437184 2 32832 1149239296 64 1048576 2048 33619968 0 0 0 2 2282749952 8396800 553648320 0 0 4 0 0 0 2147485696 0 0 0 65536 4 0 2147483648 50921488 37750784 287309824 0 393216 1610612736 1073741824 8464 36864 16777216 0 262144 537395200 0 16576 2147483648 1 2056 1048576 256 8454144 2147762228 0 0 8388608 1 0 0 67190784 0 0 4096 2113536 33554432 0 16777216 32768 0 0 2097152 0 65536 4224 135528448 2097152
is_linear=0
shrinkage=0.05


Tree=28
num_leaves=31
num_cat=21
split_feature=5 8 10 11 15 31 15 11 11 11 15 15 11 15 11 15 11 11 13 68 15 12 0 15 39 21 33 11 8 12
split_gain=108.449 79.7045 71.1058 72.6746 63.5863 56.6833 71.3893 67.957 55.088 53.582 51.7774 51.7274 48.8997 47.7618 47.4767 37.0088 35.271 31.6393 27.0729 27.1417 26.9669 26.2535 22.2154 22.1051 21.4418 21.2699 21.1191 19.7914 18.7253 18.3073
threshold=0 89959.000000000015 1 2 3 4.5000000000000009 4 5 6 7 8 9 10 11 12 13 14 15 22.575000000000003 0.18181515156607311 16 17 13012.500000000002 18 2.5000000000000004 15.65 637.50000000000011 19 23002.000000000004 20
decision_type=9 2 9 9 9 10 9 9 9 9 9 9 9 9 9 9 9 9 2 2 9 9 2 9 8 8 8 9 2 9
left_child=1 2 3 18 24 9 -7 -8 28 26 -4 -11 -6 27 -15 29 -17 -12 -1 -20 -18 -19 -21 -14 -3 -23 -5 -10 -2 -16
right_child=8 4 10 5 12 6 7 -9 13 11 17 -13 23 14 15 16 20 21 19 22 -22 25 -24 -25 -26 -27 -28 -29 -30 -31
leaf_value=0.01846376475177899 0.095354267707868687 0.14629278633822124 -0.025703562646168677 0.078063361087748195 0.016324977812281986 0.045959282502618666 0.039175753060752362 -0.0054689410818972925 -0.01118835097600902 0.016666128738834149 -0.011119751707735614 -0.010562902727500727 0.0042489764399673072 -0.023265885859533833 0.013158976968212048 0.027579121259728018 -0.013774103074762949 -0.0093386129163337359 0.013854948950077821 0.13743533376307773 0.0075471113793627951 0.015477303096800805 0.03414752452787044 -0.028760415743407444 0.018637355255789283 0.049248919126319637 0.015405822801932477 0.030000749012231438 0.029225432161033134 -0.025936082417376112
leaf_weight=144.60838969796896 11.228454500436781 3.4205369986593723 48.944678407162428 14.813898649066685 71.761225868016481 95.574300546199083 90.82340344414115 542.301827121526 32.563673600554466 177.90609046444297 47.186567824333906 2919.8714787885547 59.658814582973719 146.23462375253439 35.241802781820297 190.46329514682293 160.15675953030586 33.809232745319605 14.992664918303488 14.58196207508445 1214.3149266391993 62.594642423093319 8.0963874310255033 666.16936893388629 85.832108456641436 182.72228204458952 145.89260151609778 248.46626795828342 229.62500504404306 122.16311596333981
leaf_count=1262 66 32 475 114 765 792 767 4920 214 1732 440 29965 682 1274 279 1294 1230 316 127 105 8788 649 72 8261 945 1564 1320 1653 1469 994
internal_value=-9.76779e-05 -0.00400272 -0.00133451 -0.00322351 -0.0177214 -0.00466099 0.00793392 0.00144502 0.00875542 -0.00749191 0.0192276 -0.00895054 -0.0220609 0.00612865 0.00317128 0.00553727 0.00788914 0.0265308 0.026827 0.0660527 0.00498117 0.0330601 0.100561 -0.0260264 0.021159 0.0390404 0.0199408 0.0250076 0.0310204 -0.0169198
internal_weight=7822.02 5431.56 4544.72 4169.46 886.842 3987.18 728.7 633.125 2390.46 3258.48 375.257 3097.78 797.589 2149.6 1868.57 1722.34 1564.93 326.313 182.279 37.671 1374.47 279.126 22.6783 725.828 89.2526 245.317 160.707 281.03 240.853 157.405
internal_count=72566 55305 44620 41176 10685 39610 6479 5687 17261 33131 3444 31697 9708 15726 13859 12585 11312 2969 1566 304 10018 2529 177 8943 977 2213 1434 1867 1535 1273
cat_boundaries=0 1 2 28 44 62 87 113 139 157 174 200 218 244 261 287 313 331 333 351 377 379
cat_threshold=268439551 8791 0 2147500032 131072 256 268435456 8650752 64 0 402657280 0 0 0 536903680 524288 512 33554432 0 131088 337985536 0 0 0 2148597760 8192 100663296 33554432 134217728 0 16384 2148073472 167772160 0 269484288 536870912 64 2048 1879582720 1 52224 163840 0 3151872 2097152 224 10240 20971520 0 16928 131072 2415919104 128 1064960 1090519040 32 131072 142606336 1 5120 603979776 64 524288 8192 46137344 1074266128 0 0 0 537919488 0 34816 0 0 16789520 16384 16777344 2147483648 0 0 4194304 268435456 288 0 2048 32 1073741920 0 16777216 67108896 1 0 2097152 0 4194304 8192 8424448 0 0 0 270548992 33554432 0 2147483648 1 0 0 512 1024 4128 543326208 0 2098240 16 8388608 268435456 0 32 272 0 0 536870912 2147483650 0 0 0 67272704 0 3 33554449 32 0 2097152 2 8192 0 67371152 8192 1073741952 0 384 6291456 201326592 0 133120 202375168 536870912 128 1212416 33554432 12 0 25165824 2 1773568 1073741824 32 17309696 2684354564 512 1048704 1073741824 131072 65568 4096 1073741824 12587424 20480 67108864 268 0 0 4195394 4194304 262208 32768 264212 524304 0 192 516 0 32768 50339968 0 0 0 0 0 0 0 32768 0 134217728 540672 2 0 16656 16 1025 8388608 0 0 3221258240 48 263232 273154048 2147483648 256 3276816 100663296 0 147456 2097152 0 196608 537919488 260 2097152 71304192 131072 0 0 278848 0 1048576 0 67108992 0 0 1048584 0 576 33554432 0 131072 0 2 2719776 0 0 278528 1114624 20480 16777216 0 4262183 8388608 0 66048 1073776640 8388608 16 2564 2129920 0 512 2148007936 1 8652864 4718592 2080 303104 0 136314880 134217728 1074790400 69888 33554432 32768 20971520 8 0 0 65536 0 0 0 0 0 0 0 2 8208 1342183424 16777236 1581056 4096 71303168 33589248 0 0 1082392576 0 134217728 0 4465152 0 0 0 16384 0 0 0 0 0 524288 66048 22 16384 67112960 32800 526336 0 4 8393216 0 8 41 69632 738197504 8 5384 134217728 2147483654 34 16384 0 1048708 10485760 9 201523232 37056 0 1073741824 327683 131072 4 4096 35651712 33554432 268435456 786432 2148532224 4 131104 73728 1073741836 262192 4849664 32 4096 0 32768 0 0 0 0 0 65536 256 0 0 8208 0 0 0 0 0 0 131072 0 0 16384 67112960 1090519044 1572864 18089472 49165
is_linear=0
shrinkage=0.05


Tree=29
num_leaves=31
num_cat=21
split_feature=2 10 11 11 16 15 15 11 11 15 15 11 15 15 11 11 15 15 11 12 15 71 20 11 68 42 5 20 8 8
split_gain=101.013 77.544 82.6609 70.851 67.7969 89.5583 76.0456 71.4621 70.7208 60.3546 60.2815 50.3061 45.4913 45.0975 44.6911 41.3444 35.2504 33.2003 27.6942 26.0932 23.9147 22.7834 22.0766 21.5116 20.2459 19.1147 17.6203 15.5578 15.6003 14.503
threshold=7.8900000000000015 0 1 2 1.5000000000000002 3 4 5 6 7 8 9 10 11 12 13 14 15 16 17 18 inf 6893.5000000000009 19 0.36975431175445356 21.500000000000004 20 12389.500000000002 44002.000000000007 39525.000000000007
decision_type=2 9 9 9 2 9 9 9 9 9 9 9 9 9 9 9 9 9 9 9 9 8 2 9 2 8 9 2 2 2
left_child=12 2 -2 -3 6 -6 14 -7 16 19 -10 -11 21 -9 -5 -14 -8 26 -19 -4 -17 27 -23 29 -21 -16 -13 28 -1 -22
right_child=1 3 9 4 5 7 8 13 10 11 -12 17 15 -15 25 20 -18 18 -20 24 23 22 -24 -25 -26 -27 -28 -29 -30 -31
leaf_value=0.027965707522062722 0.025281922968849159 -0.02925308729593197 -0.014240510644799862 -0.017456243854805435 -0.025125061786269484 -0.022074451152379628 0.058761141894365071 0.046642358981282557 -0.021428181685799755 0.0208361643477495 0.00053222483564618406 0.02475902495063154 0.02012582775591654 0.018430898232515768 0.046543898416938401 0.0048674021233712575 0.013265061715722304 0.012632782298318036 -0.021263042741680092 0.029555062630804142 0.061508260459373791 0.028117342333160922 0.25701610771350036 -0.029276023405309295 0.12031702088951091 0.021830253679623064 -0.0096337686815031742 0.046010739759912905 -0.022072153217865799 -0.0073257024405869176
leaf_weight=27.074432883411646 165.51083030551672 138.26797248795629 38.253299370408058 54.466456592082977 115.12539154663682 88.222905121743679 55.684036787599325 177.07536263018847 340.73980433493853 88.996705994009972 2867.9743210785091 61.661363832652569 53.381989389657974 909.03293178230524 123.51569556072354 69.333797488361597 183.21090936288238 61.039350394159555 1115.4752472825348 95.196940023452044 10.959064237773417 2.3530311472713938 1.907157991081476 593.29063843563199 6.568170838057994 213.45134587958455 71.173283614218235 24.565823756158352 36.679425481706858 25.360905192792416
leaf_count=271 1385 1436 341 457 977 752 406 1349 3166 754 24902 504 581 7272 942 903 1430 553 10491 811 112 24 19 9152 45 1720 660 303 495 353
internal_value=-9.7958e-05 0.00188105 -0.00736618 0.00487739 0.00585271 0.0157836 0.00253237 0.0198391 0.000126861 -0.0110193 -0.00185912 -0.0141859 -0.0164252 0.023414 0.0231253 -0.0203481 0.0258046 -0.0167062 -0.0194128 0.019442 -0.0236796 0.0159309 0.130588 -0.0268502 0.0322445 0.0299988 0.00694692 0.012204 -0.000822511 0.0105416
internal_weight=7815.55 6970.64 1703.88 5266.77 5128.5 1289.46 3839.04 1174.33 3447.61 1538.36 3208.71 1398.35 844.906 1086.11 391.433 752.326 238.895 1309.35 1176.51 140.018 698.944 92.5799 4.26019 629.611 101.765 336.967 132.835 88.3197 63.7539 36.32
internal_count=72566 60353 15544 44809 43373 10350 33023 9373 29904 14159 28068 12962 12213 8621 3119 11101 1836 12208 11044 1197 10520 1112 43 9617 856 2662 1164 1069 766 465
cat_boundaries=0 1 27 53 71 87 113 138 155 173 200 217 235 261 287 305 323 349 351 369 396 397
cat_threshold=8259 537001984 0 16809985 1073742336 134217728 262144 0 0 0 5111812 0 0 36864 67108864 0 570425344 0 0 0 0 524288 0 1122304 142639104 32776 1048704 536870912 67584 2162688 2181038208 4194304 16781312 540672 2097152 64 64 2 0 0 33554432 0 4 8192 16384 256 8 37120 0 0 524290 131072 67108864 0 1 4194304 1082146816 1073741824 1 16384 24641536 224 4227328 2214592512 2147483648 74242 536870912 0 4458496 0 8 0 33555520 73728 128 1073741824 17536 36 17842176 72 37040 0 67108872 66304 536879104 12 4194304 8407074 33554432 262144 0 1048576 4219136 65536 0 294912 138412032 0 0 16 0 20971520 33554432 0 0 8404992 134217728 589824 0 16384 256 301989920 1048576 2 0 0 134283264 0 39845888 65536 0 947912704 67111936 0 0 2048 532480 16777344 0 1 0 2113536 256 0 0 131072 2105344 369099008 2281701376 512 2056 1605632 1073741865 16 263168 270532608 256 512 33554432 32 525441 67141632 0 8192 16777216 0 16 131328 34209792 0 2 67117056 136314880 16 533056 20971520 3 524289 8912896 2 606208 279552 32 3146016 74752 0 1 0 8192 512 2147483648 1 520 0 0 4194320 0 71303168 0 0 131072 0 8388608 256 8 16 524288 264192 46138368 2 538968064 1073742336 540674 327680 20971536 4104 209747968 536870912 65 16 268435456 8388608 140288 0 0 2097152 1351614464 0 16 131072 134217728 0 384 6955008 2415919104 0 3227648 318767104 0 32768 92274688 0 1245184 2684354560 32 4352 33554432 286261248 0 0 2152218624 0 134217728 66048 131328 0 0 0 0 0 2147483648 0 0 0 0 2097152 16 8192 67534848 65540 1048577 0 0 131088 18909312 0 8392704 0 10485760 0 10485769 0 0 0 2097152 64 33554432 0 131072 0 0 0 8192 16777216 0 134217748 1077938180 0 24 1196032 134217728 1 32768 10551296 0 5 0 1358954496 3 526336 444596224 0 2158592 2147483648 36 524288 288 278528 67371008 0 131074 49152 0 0 9437186 2236874752 1 0 18874368 0 4194309 1147142144 128 0 0 1048576 33554560 0 4325392 10 1084751872 262144 33554448 0 0 67108864 8421376 0 0 0 16417 256 0 0 262146 0 256 16777216 2149580800 147931200 17413 1092091904 2097280 0 2147483648 0 0 8256 1074274304 160 4194561 2216820736 100663296 2368 5242880 1 0 8192 128 2048 32768 2147483648 0 134217856 0 16512 2148532224 5120 2701131842 272 512 0 0 0 0 2048 1 512 2097152 0 0 4096 786432 268435456 8192 2 761096
is_linear=0
shrinkage=0.05


Tree=30
num_leaves=31
num_cat=22
split_feature=5 8 11 10 11 31 15 11 15 11 15 15 11 15 15 15 15 11 15 15 68 11 68 11 15 11 71 42 33 41
split_gain=93.8619 81.3018 67.2956 65.0363 59.3559 57.8092 65.6318 61.351 57.1216 53.9249 44.4852 41.3481 42.5851 40.8844 39.5819 38.6617 38.1463 36.1008 23.3561 23.2104 19.7692 19.5504 19.6741 17.6139 17.2693 17.8478 16.4779 16.3104 20.9906 17.1791
threshold=0 89959.000000000015 1 2 3 5.5000000000000009 4 5 6 7 8 9 10 11 12 13 14 15 16 17 0.36437509810544161 18 0.27777041265364272 19 20 21 inf 14.500000000000002 6740.0000000000009 1.0000000180025095e-35
decision_type=9 2 9 9 9 10 9 9 9 9 9 9 9 9 9 9 9 9 9 9 2 9 2 9 9 9 8 10 8 10
left_child=1 2 16 10 -3 7 -7 18 -9 -2 -4 20 27 -8 -6 -14 -1 -17 -5 -19 26 -12 -23 -16 -25 -26 -11 28 -13 -29
right_child=9 4 3 5 14 6 13 8 -10 11 21 12 15 -15 23 17 -18 19 -20 -21 -22 22 -24 24 25 -27 -28 29 -30 -31
leaf_value=0.01995438691692656 -0.021074204762586635 0.018855892596222584 -0.018713701036536138 -0.019121796044785543 0.014980595131047407 0.0524602920509614 -0.025124948940091277 0.017819919123210071 -0.0065934476508544976 0.022823813517047029 -0.0041409180294137791 0.063080749465819652 -0.020068694269405718 0.012998374905278876 0.004645150576486584 -0.018839095046432483 -0.031793236140610436 0.024992454335714041 0.030053006391258602 0.0066367701130693527 0.067437145433027354 0.031625345757063154 0.070641107984687188 -0.00013653255779736179 -0.0028536665295238414 -0.032679735534632597 0.11377960162123993 0.033162125762806659 0.024587810976426407 -0.030141932944874113
leaf_weight=37.685458417981863 132.58184375613928 97.677359987050295 50.502198241651058 24.05692982301116 65.521508947014809 83.870372034609318 77.156189620494843 249.75787525996566 3209.989852424711 265.30588725209236 38.827276114374399 54.235335610806942 132.81179222464561 367.7938669025898 51.506781604140997 112.01086394116282 239.36162591353059 204.1428764462471 171.29314216226339 1042.5442968010902 29.80603876709938 180.64636227488518 39.349629193544388 64.37241218984127 69.347465083003044 567.44140621647239 5.0747039020061484 22.618311882019043 102.06683922559023 20.367867328226566
leaf_count=393 1106 1012 474 222 705 640 678 2303 32008 1733 330 320 1091 3137 575 882 2727 1393 1497 7517 177 1594 315 751 824 7183 32 139 671 137
internal_value=-9.72756e-05 -0.00344748 -0.000833828 0.000665937 -0.0170983 -0.000991774 0.0144574 -0.00322968 -0.00478478 0.00884796 0.0224169 0.0109359 0.00778445 0.00598068 -0.02136 0.00477708 -0.0243043 0.00733462 0.023361 0.00981744 0.027863 0.03084 0.0369254 -0.0246785 -0.0268676 -0.029526 0.0245309 0.0289885 0.0379445 0.00316717
internal_weight=7809.72 5686.16 4770.29 4493.24 915.867 4183.92 528.82 3655.1 3459.75 2123.57 309.325 1990.98 1690.8 444.95 818.19 1491.51 277.047 1358.7 195.35 1246.69 300.187 258.823 219.996 752.668 701.161 636.789 270.381 199.288 156.302 42.9862
internal_count=72566 57368 46318 43198 11050 40485 4455 36030 34311 15198 2713 14092 12150 3815 10038 10883 3120 9792 1719 8910 1942 2239 1909 9333 8758 8007 1765 1267 991 276
cat_boundaries=0 1 27 28 54 70 96 113 140 158 176 202 220 237 255 271 296 314 332 358 384 401 426
cat_threshold=268455935 0 134483968 67584 2181038080 34603008 2147516448 512 0 1088 64 2 131072 0 0 1056 8388608 0 1048576 64 524288 2097280 32784 0 0 2097152 524288 6528 2359808 0 280592 524800 0 128 516 0 8421376 704667780 0 0 0 0 0 0 0 0 32 134217730 524288 0 0 6307840 528 1024 0 104 280576 4194304 1 16928 2490368 3556769792 128 16384 1694498816 0 1024 671088640 1 5120 16 2155888640 268566528 0 268435744 8397072 0 0 268435456 2 0 128 539066368 557056 0 1 0 0 270614528 2097152 0 4 2147483648 67108864 0 33554432 532480 536871044 1049088 134217856 16777216 16 66592 200704 8 69792 33575168 0 4 0 0 0 13631488 4096 512 270532608 512 8 8413504 0 0 33554432 258 0 0 8 0 512 67108864 0 131072 536870912 0 589824 0 0 540672 266560 20480 8 0 258 2105344 67108864 0 132160 137363456 268435456 128 540672 2147483648 8 1024 1098907648 3 1773568 1073741824 33 8388608 16 0 3238002688 16 4 71827456 2147483648 324 3309584 0 0 288 1073741824 12 202752 2148532224 256 0 8192 0 0 0 1074266112 512 524288 57344 31460384 0 0 0 2097152 33554432 0 0 1 0 268435456 0 1024 135168 2261024 134217728 524352 0 4 36864 2248146944 0 336 604045312 0 0 4359168 0 0 299072 268435456 18 4006144 0 8 134217728 1073741824 65536 2148073472 134217728 0 301991168 0 0 786432 537927680 5 50208 98304 4 3149824 4227072 16777216 64 4718849 8912896 0 8192 1073777664 1073741824 32 8397312 32768 134217744 8192 2148007936 1 10485764 4456448 8 536870912 194 16384 34603008 16 136192 402653184 134217728 10 1622016 2147483648 0 8704 8388608 2 12288 512 272629760 0 0 0 134217776 1024 2215903232 0 131200 0 0 0 0 2164260928 33554432 0 256 16640 3 1081600 0 0 262144 574685185 0 4 294912 0 1 16 4325376 0 0 524288 0 0 32768 1107296256 1 83968 2147483648 4 0 258 32768 1048576 536870944 1104 814743552 268435456 0 0 302252032 1073741833 1458176 33554432 1073741824 8192 671088640 20 4096 67108864 32768 0 0 10485760 0 1073741824 0 288256 0 0 0 16384 0 0 0 0 0 0 0 6 18448 69210144 32800 2048 536870976 36864 4 17 1048576 2151678016 1024 0 8 85983232 0 0 136 40960 16777216 0 0 32768 256 0 16384 0 2048 2155872512 0 2097153 2147483648 536870912 262144 163840 33554432 4096 67108992 268435456 68 73752 2148007936 0 16 8192 8 2096 160038912 0 406978560 2416050177 8388608 0 142608640 0 134217728 1664 0 2 0 0 0 8388672 1073741824 0 0 576 0 1048704 0 1179664 131216 8
is_linear=0
shrinkage=0.05


end of trees

feature_importances:
zip_code=322
earliest_cr_line=273
annual_inc=57
int_rate=51
loan_to_inc_ratio=29
purpose=26
acc_open_past_24mths=23
sub_grade=21
bc_open_to_buy=16
inq_last_6mths=11
addr_state=9
dti=9
revol_util=9
mths_since_recent_bc=9
revol_bal=8
total_bc_limit=8
installment=6
mo_sin_rcnt_rev_tl_op=5
open_acc_ratio=4
loan_amnt=3
mths_since_last_delinq=3
mo_sin_rcnt_tl=3
total_bal_ex_mort=3
tot_cur_bal=2
avg_cur_bal=2
mths_since_recent_inq=2
pct_tl_nvr_dlq=2
total_bal_to_inc_ratio=2
emp_length_num=2
verification_status=1
total_rev_hi_lim=1
bc_util=1
mo_sin_old_rev_tl_op=1
mort_acc=1
num_actv_rev_tl=1
num_bc_sats=1
num_il_tl=1
percent_bc_gt_75=1
tot_hi_cred_lim=1

parameters:
[boosting: gbdt]
[objective: binary]
[metric: auc]
[tree_learner: serial]
[device_type: cpu]
[data_sample_strategy: bagging]
[data: ]
[valid: ]
[num_iterations: 500]
[learning_rate: 0.05]
[num_leaves: 31]
[num_threads: 20]
[seed: 42]
[deterministic: 0]
[force_col_wise: 0]
[force_row_wise: 0]
[histogram_pool_size: -1]
[max_depth: 7]
[min_data_in_leaf: 20]
[min_sum_hessian_in_leaf: 0.001]
[bagging_fraction: 1]
[pos_bagging_fraction: 1]
[neg_bagging_fraction: 1]
[bagging_freq: 0]
[bagging_seed: 400]
[bagging_by_query: 0]
[feature_fraction: 1]
[feature_fraction_bynode: 1]
[feature_fraction_seed: 30056]
[extra_trees: 0]
[extra_seed: 12879]
[early_stopping_round: 0]
[early_stopping_min_delta: 0]
[first_metric_only: 0]
[max_delta_step: 0]
[lambda_l1: 0]
[lambda_l2: 0]
[linear_lambda: 0]
[min_gain_to_split: 0]
[drop_rate: 0.1]
[max_drop: 50]
[skip_drop: 0.5]
[xgboost_dart_mode: 0]
[uniform_drop: 0]
[drop_seed: 17869]
[top_rate: 0.2]
[other_rate: 0.1]
[min_data_per_group: 100]
[max_cat_threshold: 32]
[cat_l2: 10]
[cat_smooth: 10]
[max_cat_to_onehot: 4]
[top_k: 20]
[monotone_constraints: ]
[monotone_constraints_method: basic]
[monotone_penalty: 0]
[feature_contri: ]
[forcedsplits_filename: ]
[refit_decay_rate: 0.9]
[cegb_tradeoff: 1]
[cegb_penalty_split: 0]
[cegb_penalty_feature_lazy: ]
[cegb_penalty_feature_coupled: ]
[path_smooth: 0]
[interaction_constraints: ]
[verbosity: 1]
[saved_feature_importance_type: 0]
[use_quantized_grad: 0]
[num_grad_quant_bins: 4]
[quant_train_renew_leaf: 0]
[stochastic_rounding: 1]
[linear_tree: 0]
[max_bin: 255]
[max_bin_by_feature: ]
[min_data_in_bin: 3]
[bin_construct_sample_cnt: 200000]
[data_random_seed: 175]
[is_enable_sparse: 1]
[enable_bundle: 1]
[use_missing: 1]
[zero_as_missing: 0]
[feature_pre_filter: 1]
[pre_partition: 0]
[two_round: 0]
[header: 0]
[label_column: ]
[weight_column: ]
[group_column: ]
[ignore_column: ]
[categorical_feature: 1,4,5,6,7,9,10,11,12,15,23,26]
[forcedbins_filename: ]
[precise_float_parser: 0]
[parser_config_file: ]
[objective_seed: 16083]
[num_class: 1]
[is_unbalance: 0]
[scale_pos_weight: 1]
[sigmoid: 1]
[boost_from_average: 1]
[reg_sqrt: 0]
[alpha: 0.9]
[fair_c: 1]
[poisson_max_delta_step: 0.7]
[tweedie_variance_power: 1.5]
[lambdarank_truncation_level: 30]
[lambdarank_norm: 1]
[label_gain: ]
[lambdarank_position_bias_regularization: 0]
[eval_at: ]
[multi_error_top_k: 1]
[auc_mu_weights: ]
[num_machines: 1]
[local_listen_port: 12400]
[time_out: 120]
[machine_list_filename: ]
[machines: ]
[gpu_platform_id: -1]
[gpu_device_id: -1]
[gpu_device_id_list: ]
[gpu_use_dp: 0]
[num_gpu: 1]

end of parameters

pandas_categorical:[["36 months"], ["A", "B", "C", "D", "E", "F", "G"], ["A1", "A2", "A3", "A4", "A5", "B1", "B2", "B3", "B4", "B5", "C1", "C2", "C3", "C4", "C5", "D1", "D2", "D3", "D4", "D5", "E1", "E2", "E3", "E4", "E5", "F1", "F2", "F3", "F4", "F5", "G1", "G2", "G3", "G4", "G5"], ["1 year", "10+ years", "2 years", "3 years", "4 years", "5 years", "6 years", "7 years", "8 years", "9 years", "< 1 year"], ["MORTGAGE", "NONE", "OTHER", "OWN", "RENT"], ["Not Verified", "Source Verified", "Verified"], ["car", "credit_card", "debt_consolidation", "educational", "home_improvement", "house", "major_purchase", "medical", "moving", "other", "renewable_energy", "small_business", "vacation", "wedding"], ["007xx", "010xx", "011xx", "012xx", "013xx", "014xx", "015xx", "016xx", "017xx", "018xx", "019xx", "020xx", "021xx", "022xx", "023xx", "024xx", "025xx", "026xx", "027xx", "028xx", "029xx", "030xx", "031xx", "032xx", "033xx", "034xx", "035xx", "036xx", "037xx", "038xx", "040xx", "041xx", "044xx", "050xx", "051xx", "052xx", "053xx", "054xx", "056xx", "057xx", "058xx", "060xx", "061xx", "062xx", "063xx", "064xx", "065xx", "066xx", "067xx", "068xx", "069xx", "070xx", "071xx", "072xx", "073xx", "074xx", "075xx", "076xx", "077xx", "078xx", "079xx", "080xx", "081xx", "082xx", "083xx", "084xx", "085xx", "086xx", "087xx", "088xx", "089xx", "090xx", "093xx", "094xx", "096xx", "100xx", "101xx", "102xx", "103xx", "104xx", "105xx", "106xx", "107xx", "108xx", "109xx", "110xx", "111xx", "112xx", "113xx", "114xx", "115xx", "116xx", "117xx", "118xx", "119xx", "120xx", "121xx", "122xx", "123xx", "124xx", "125xx", "126xx", "127xx", "128xx", "129xx", "130xx", "131xx", "132xx", "133xx", "134xx", "135xx", "136xx", "137xx", "138xx", "139xx", "140xx", "141xx", "142xx", "143xx", "144xx", "145xx", "146xx", "147xx", "148xx", "149xx", "150xx", "151xx", "152xx", "153xx", "154xx", "155xx", "156xx", "157xx", "158xx", "159xx", "160xx", "161xx", "162xx", "163xx", "164xx", "165xx", "166xx", "167xx", "168xx", "169xx", "170xx", "171xx", "172xx", "173xx", "174xx", "175xx", "176xx", "177xx", "178xx", "179xx", "180xx", "181xx", "182xx", "183xx", "184xx", "185xx", "186xx", "187xx", "188xx", "189xx", "190xx", "191xx", "193xx", "194xx", "195xx", "196xx", "197xx", "198xx", "199xx", "200xx", "201xx", "203xx", "206xx", "207xx", "208xx", "209xx", "210xx", "211xx", "212xx", "214xx", "215xx", "216xx", "217xx", "218xx", "219xx", "220xx", "221xx", "222xx", "223xx", "224xx", "225xx", "226xx", "227xx", "228xx", "229xx", "230xx", "231xx", "232xx", "233xx", "234xx", "235xx", "236xx", "237xx", "238xx", "239xx", "240xx", "241xx", "242xx", "243xx", "244xx", "245xx", "246xx", "247xx", "248xx", "249xx", "250xx", "251xx", "252xx", "253xx", "254xx", "255xx", "256xx", "257xx", "258xx", "259xx", "260xx", "261xx", "262xx", "263xx", "264xx", "265xx", "266xx", "267xx", "268xx", "270xx", "271xx", "272xx", "273xx", "274xx", "275xx", "276xx", "277xx", "278xx", "279xx", "280xx", "281xx", "282xx", "283xx", "284xx", "285xx", "286xx", "287xx", "288xx", "289xx", "290xx", "291xx", "292xx", "293xx", "294xx", "295xx", "296xx", "297xx", "298xx", "299xx", "300xx", "301xx", "302xx", "303xx", "304xx", "305xx", "306xx", "307xx", "308xx", "309xx", "310xx", "312xx", "313xx", "314xx", "315xx", "316xx", "317xx", "318xx", "319xx", "320xx", "321xx", "322xx", "323xx", "324xx", "325xx", "326xx", "327xx", "328xx", "329xx", "330xx", "331xx", "332xx", "333xx", "334xx", "335xx", "336xx", "337xx", "338xx", "339xx", "340xx", "341xx", "342xx", "344xx", "346xx", "347xx", "349xx", "350xx", "351xx", "352xx", "353xx", "354xx", "355xx", "356xx", "357xx", "358xx", "359xx", "360xx", "361xx", "362xx", "363xx", "364xx", "365xx", "366xx", "367xx", "368xx", "369xx", "370xx", "371xx", "372xx", "373xx", "374xx", "375xx", "376xx", "378xx", "379xx", "380xx", "381xx", "383xx", "384xx", "385xx", "386xx", "388xx", "390xx", "391xx", "392xx", "394xx", "395xx", "396xx", "397xx", "398xx", "400xx", "401xx", "402xx", "403xx", "404xx", "405xx", "406xx", "407xx", "408xx", "409xx", "410xx", "411xx", "412xx", "413xx", "414xx", "415xx", "416xx", "417xx", "418xx", "420xx", "421xx", "422xx", "423xx", "424xx", "425xx", "426xx", "427xx", "430xx", "431xx", "432xx", "433xx", "434xx", "435xx", "436xx", "437xx", "438xx", "439xx", "440xx", "441xx", "442xx", "443xx", "444xx", "445xx", "446xx", "447xx", "448xx", "449xx", "450xx", "451xx", "452xx", "453xx", "454xx", "455xx", "456xx", "457xx", "458xx", "460xx", "461xx", "462xx", "463xx", "465xx", "466xx", "468xx", "469xx", "471xx", "473xx", "474xx", "477xx", "478xx", "479xx", "480xx", "481xx", "482xx", "483xx", "484xx", "485xx", "486xx", "487xx", "488xx", "489xx", "490xx", "491xx", "492xx", "493xx", "494xx", "495xx", "496xx", "497xx", "498xx", "499xx", "522xx", "523xx", "527xx", "528xx", "530xx", "531xx", "532xx", "534xx", "535xx", "537xx", "538xx", "539xx", "540xx", "541xx", "542xx", "543xx", "544xx", "545xx", "546xx", "547xx", "548xx", "549xx", "550xx", "551xx", "553xx", "554xx", "556xx", "557xx", "558xx", "559xx", "560xx", "561xx", "562xx", "563xx", "564xx", "565xx", "566xx", "567xx", "570xx", "571xx", "572xx", "573xx", "574xx", "575xx", "576xx", "577xx", "590xx", "591xx", "592xx", "593xx", "594xx", "595xx", "596xx", "597xx", "598xx", "599xx", "600xx", "601xx", "602xx", "603xx", "604xx", "605xx", "606xx", "607xx", "608xx", "609xx", "610xx", "611xx", "612xx", "613xx", "614xx", "615xx", "616xx", "617xx", "618xx", "619xx", "620xx", "622xx", "623xx", "624xx", "625xx", "626xx", "627xx", "628xx", "629xx", "630xx", "631xx", "633xx", "634xx", "635xx", "636xx", "637xx", "638xx", "639xx", "640xx", "641xx", "644xx", "645xx", "646xx", "647xx", "648xx", "650xx", "651xx", "652xx", "653xx", "654xx", "655xx", "656xx", "657xx", "658xx", "660xx", "661xx", "662xx", "664xx", "665xx", "666xx", "667xx", "668xx", "669xx", "670xx", "671xx", "672xx", "673xx", "674xx", "675xx", "676xx", "677xx", "678xx", "679xx", "681xx", "685xx", "689xx", "700xx", "701xx", "703xx", "704xx", "705xx", "706xx", "707xx", "708xx", "710xx", "711xx", "712xx", "713xx", "714xx", "716xx", "717xx", "718xx", "719xx", "720xx", "721xx", "722xx", "723xx", "724xx", "725xx", "726xx", "727xx", "728xx", "729xx", "730xx", "731xx", "734xx", "735xx", "736xx", "737xx", "738xx", "739xx", "740xx", "741xx", "743xx", "744xx", "745xx", "746xx", "747xx", "748xx", "749xx", "750xx", "751xx", "752xx", "753xx", "754xx", "755xx", "756xx", "757xx", "758xx", "759xx", "760xx", "761xx", "762xx", "763xx", "764xx", "765xx", "766xx", "767xx", "768xx", "769xx", "770xx", "772xx", "773xx", "774xx", "775xx", "776xx", "777xx", "778xx", "779xx", "780xx", "781xx", "782xx", "783xx", "784xx", "785xx", "786xx", "787xx", "788xx", "789xx", "790xx", "791xx", "792xx", "793xx", "794xx", "795xx", "796xx", "797xx", "798xx", "799xx", "800xx", "801xx", "802xx", "803xx", "804xx", "805xx", "806xx", "807xx", "808xx", "809xx", "810xx", "811xx", "812xx", "813xx", "814xx", "815xx", "816xx", "820xx", "821xx", "822xx", "823xx", "824xx", "825xx", "826xx", "827xx", "828xx", "829xx", "830xx", "831xx", "833xx", "834xx", "836xx", "837xx", "838xx", "840xx", "841xx", "843xx", "844xx", "845xx", "846xx", "847xx", "850xx", "851xx", "852xx", "853xx", "855xx", "856xx", "857xx", "859xx", "860xx", "863xx", "864xx", "865xx", "870xx", "871xx", "873xx", "874xx", "875xx", "877xx", "878xx", "879xx", "880xx", "881xx", "882xx", "883xx", "884xx", "890xx", "891xx", "893xx", "894xx", "895xx", "897xx", "898xx", "900xx", "902xx", "903xx", "904xx", "905xx", "906xx", "907xx", "908xx", "910xx", "911xx", "912xx", "913xx", "914xx", "915xx", "916xx", "917xx", "918xx", "919xx", "920xx", "921xx", "922xx", "923xx", "924xx", "925xx", "926xx", "927xx", "928xx", "930xx", "931xx", "932xx", "933xx", "934xx", "935xx", "936xx", "937xx", "939xx", "940xx", "941xx", "943xx", "944xx", "945xx", "946xx", "947xx", "948xx", "949xx", "950xx", "951xx", "952xx", "953xx", "954xx", "955xx", "956xx", "957xx", "958xx", "959xx", "960xx", "961xx", "963xx", "965xx", "967xx", "968xx", "969xx", "970xx", "971xx", "972xx", "973xx", "974xx", "975xx", "976xx", "977xx", "978xx", "979xx", "980xx", "981xx", "982xx", "983xx", "984xx", "985xx", "986xx", "988xx", "989xx", "990xx", "991xx", "992xx", "993xx", "994xx", "995xx", "996xx", "997xx", "998xx", "999xx"], ["AK", "AL", "AR", "AZ", "CA", "CO", "CT", "DC", "DE", "FL", "GA", "HI", "IA", "ID", "IL", "IN", "KS", "KY", "LA", "MA", "MD", "ME", "MI", "MN", "MO", "MS", "MT", "NC", "NE", "NH", "NJ", "NM", "NV", "NY", "OH", "OK", "OR", "PA", "RI", "SC", "SD", "TN", "TX", "UT", "VA", "VT", "WA", "WI", "WV", "WY"], ["Apr-1964", "Apr-1966", "Apr-1967", "Apr-1969", "Apr-1970", "Apr-1971", "Apr-1972", "Apr-1973", "Apr-1974", "Apr-1975", "Apr-1976", "Apr-1977", "Apr-1978", "Apr-1979", "Apr-1980", "Apr-1981", "Apr-1982", "Apr-1983", "Apr-1984", "Apr-1985", "Apr-1986", "Apr-1987", "Apr-1988", "Apr-1989", "Apr-1990", "Apr-1991", "Apr-1992", "Apr-1993", "Apr-1994", "Apr-1995", "Apr-1996", "Apr-1997", "Apr-1998", "Apr-1999", "Apr-2000", "Apr-2001", "Apr-2002", "Apr-2003", "Apr-2004", "Apr-2005", "Apr-2006", "Apr-2007", "Apr-2008", "Apr-2009", "Aug-1962", "Aug-1965", "Aug-1967", "Aug-1968", "Aug-1969", "Aug-1970", "Aug-1971", "Aug-1972", "Aug-1973", "Aug-1974", "Aug-1975", "Aug-1976", "Aug-1977", "Aug-1978", "Aug-1979", "Aug-1980", "Aug-1981", "Aug-1982", "Aug-1983", "Aug-1984", "Aug-1985", "Aug-1986", "Aug-1987", "Aug-1988", "Aug-1989", "Aug-1990", "Aug-1991", "Aug-1992", "Aug-1993", "Aug-1994", "Aug-1995", "Aug-1996", "Aug-1997", "Aug-1998", "Aug-1999", "Aug-2000", "Aug-2001", "Aug-2002", "Aug-2003", "Aug-2004", "Aug-2005", "Aug-2006", "Aug-2007", "Aug-2008", "Aug-2009", "Dec-1960", "Dec-1963", "Dec-1965", "Dec-1966", "Dec-1967", "Dec-1968", "Dec-1969", "Dec-1970", "Dec-1971", "Dec-1972", "Dec-1973", "Dec-1974", "Dec-1975", "Dec-1976", "Dec-1977", "Dec-1978", "Dec-1979", "Dec-1980", "Dec-1981", "Dec-1982", "Dec-1983", "Dec-1984", "Dec-1985", "Dec-1986", "Dec-1987", "Dec-1988", "Dec-1989", "Dec-1990", "Dec-1991", "Dec-1992", "Dec-1993", "Dec-1994", "Dec-1995", "Dec-1996", "Dec-1997", "Dec-1998", "Dec-1999", "Dec-2000", "Dec-2001", "Dec-2002", "Dec-2003", "Dec-2004", "Dec-2005", "Dec-2006", "Dec-2007", "Dec-2008", "Feb-1964", "Feb-1965", "Feb-1967", "Feb-1968", "Feb-1969", "Feb-1970", "Feb-1971", "Feb-1972", "Feb-1973", "Feb-1974", "Feb-1975", "Feb-1976", "Feb-1977", "Feb-1978", "Feb-1979", "Feb-1980", "Feb-1981", "Feb-1982", "Feb-1983", "Feb-1984", "Feb-1985", "Feb-1986", "Feb-1987", "Feb-1988", "Feb-1989", "Feb-1990", "Feb-1991", "Feb-1992", "Feb-1993", "Feb-1994", "Feb-1995", "Feb-1996", "Feb-1997", "Feb-1998", "Feb-1999", "Feb-2000", "Feb-2001", "Feb-2002", "Feb-2003", "Feb-2004", "Feb-2005", "Feb-2006", "Feb-2007", "Feb-2008", "Feb-2009", "Jan-1946", "Jan-1963", "Jan-1968", "Jan-1969", "Jan-1970", "Jan-1971", "Jan-1972", "Jan-1973", "Jan-1974", "Jan-1975", "Jan-1976", "Jan-1977", "Jan-1978", "Jan-1979", "Jan-1980", "Jan-1981", "Jan-1982", "Jan-1983", "Jan-1984", "Jan-1985", "Jan-1986", "Jan-1987", "Jan-1988", "Jan-1989", "Jan-1990", "Jan-1991", "Jan-1992", "Jan-1993", "Jan-1994", "Jan-1995", "Jan-1996", "Jan-1997", "Jan-1998", "Jan-1999", "Jan-2000", "Jan-2001", "Jan-2002", "Jan-2003", "Jan-2004", "Jan-2005", "Jan-2006", "Jan-2007", "Jan-2008", "Jan-2009", "Jul-1965", "Jul-1966", "Jul-1967", "Jul-1970", "Jul-1971", "Jul-1972", "Jul-1973", "Jul-1974", "Jul-1975", "Jul-1976", "Jul-1977", "Jul-1978", "Jul-1979", "Jul-1980", "Jul-1981", "Jul-1982", "Jul-1983", "Jul-1984", "Jul-1985", "Jul-1986", "Jul-1987", "Jul-1988", "Jul-1989", "Jul-1990", "Jul-1991", "Jul-1992", "Jul-1993", "Jul-1994", "Jul-1995", "Jul-1996", "Jul-1997", "Jul-1998", "Jul-1999", "Jul-2000", "Jul-2001", "Jul-2002", "Jul-2003", "Jul-2004", "Jul-2005", "Jul-2006", "Jul-2007", "Jul-2008", "Jul-2009", "Jun-1959", "Jun-1965", "Jun-1966", "Jun-1967", "Jun-1968", "Jun-1969", "Jun-1970", "Jun-1971", "Jun-1972", "Jun-1973", "Jun-1974", "Jun-1975", "Jun-1976", "Jun-1977", "Jun-1978", "Jun-1979", "Jun-1980", "Jun-1981", "Jun-1982", "Jun-1983", "Jun-1984", "Jun-1985", "Jun-1986", "Jun-1987", "Jun-1988", "Jun-1989", "Jun-1990", "Jun-1991", "Jun-1992", "Jun-1993", "Jun-1994", "Jun-1995", "Jun-1996", "Jun-1997", "Jun-1998", "Jun-1999", "Jun-2000", "Jun-2001", "Jun-2002", "Jun-2003", "Jun-2004", "Jun-2005", "Jun-2006", "Jun-2007", "Jun-2008", "Jun-2009", "Mar-1963", "Mar-1964", "Mar-1966", "Mar-1967", "Mar-1968", "Mar-1969", "Mar-1970", "Mar-1971", "Mar-1972", "Mar-1973", "Mar-1974", "Mar-1975", "Mar-1976", "Mar-1977", "Mar-1978", "Mar-1979", "Mar-1980", "Mar-1981", "Mar-1982", "Mar-1983", "Mar-1984", "Mar-1985", "Mar-1986", "Mar-1987", "Mar-1988", "Mar-1989", "Mar-1990", "Mar-1991", "Mar-1992", "Mar-1993", "Mar-1994", "Mar-1995", "Mar-1996", "Mar-1997", "Mar-1998", "Mar-1999", "Mar-2000", "Mar-2001", "Mar-2002", "Mar-2003", "Mar-2004", "Mar-2005", "Mar-2006", "Mar-2007", "Mar-2008", "Mar-2009", "May-1962", "May-1963", "May-1966", "May-1967", "May-1968", "May-1969", "May-1970", "May-1971", "May-1972", "May-1973", "May-1974", "May-1975", "May-1976", "May-1977", "May-1978", "May-1979", "May-1980", "May-1981", "May-1982", "May-1983", "May-1984", "May-1985", "May-1986", "May-1987", "May-1988", "May-1989", "May-1990", "May-1991", "May-1992", "May-1993", "May-1994", "May-1995", "May-1996", "May-1997", "May-1998", "May-1999", "May-2000", "May-2001", "May-2002", "May-2003", "May-2004", "May-2005", "May-2006", "May-2007", "May-2008", "May-2009", "Nov-1954", "Nov-1958", "Nov-1960", "Nov-1961", "Nov-1962", "Nov-1965", "Nov-1966", "Nov-1967", "Nov-1968", "Nov-1969", "Nov-1970", "Nov-1971", "Nov-1972", "Nov-1973", "Nov-1974", "Nov-1975", "Nov-1976", "Nov-1977", "Nov-1978", "Nov-1979", "Nov-1980", "Nov-1981", "Nov-1982", "Nov-1983", "Nov-1984", "Nov-1985", "Nov-1986", "Nov-1987", "Nov-1988", "Nov-1989", "Nov-1990", "Nov-1991", "Nov-1992", "Nov-1993", "Nov-1994", "Nov-1995", "Nov-1996", "Nov-1997", "Nov-1998", "Nov-1999", "Nov-2000", "Nov-2001", "Nov-2002", "Nov-2003", "Nov-2004", "Nov-2005", "Nov-2006", "Nov-2007", "Nov-2008", "Nov-2009", "Oct-1954", "Oct-1958", "Oct-1960", "Oct-1962", "Oct-1963", "Oct-1964", "Oct-1965", "Oct-1967", "Oct-1968", "Oct-1969", "Oct-1970", "Oct-1971", "Oct-1972", "Oct-1973", "Oct-1974", "Oct-1975", "Oct-1976", "Oct-1977", "Oct-1978", "Oct-1979", "Oct-1980", "Oct-1981", "Oct-1982", "Oct-1983", "Oct-1984", "Oct-1985", "Oct-1986", "Oct-1987", "Oct-1988", "Oct-1989", "Oct-1990", "Oct-1991", "Oct-1992", "Oct-1993", "Oct-1994", "Oct-1995", "Oct-1996", "Oct-1997", "Oct-1998", "Oct-1999", "Oct-2000", "Oct-2001", "Oct-2002", "Oct-2003", "Oct-2004", "Oct-2005", "Oct-2006", "Oct-2007", "Oct-2008", "Oct-2009", "Sep-1956", "Sep-1962", "Sep-1963", "Sep-1964", "Sep-1965", "Sep-1966", "Sep-1967", "Sep-1968", "Sep-1969", "Sep-1970", "Sep-1971", "Sep-1972", "Sep-1973", "Sep-1974", "Sep-1975", "Sep-1976", "Sep-1977", "Sep-1978", "Sep-1979", "Sep-1980", "Sep-1981", "Sep-1982", "Sep-1983", "Sep-1984", "Sep-1985", "Sep-1986", "Sep-1987", "Sep-1988", "Sep-1989", "Sep-1990", "Sep-1991", "Sep-1992", "Sep-1993", "Sep-1994", "Sep-1995", "Sep-1996", "Sep-1997", "Sep-1998", "Sep-1999", "Sep-2000", "Sep-2001", "Sep-2002", "Sep-2003", "Sep-2004", "Sep-2005", "Sep-2006", "Sep-2007", "Sep-2008", "Sep-2009"], ["f", "w"], ["Individual"]]
